customer_id,Recency,Frequency,Monetary,Avg_Sentiment,Tenure,Cluster
CUST00001,166,2,249000,0.0,50.0,0
CUST00002,187,4,84300,0.75,37.0,2
CUST00003,328,4,130150,0.25,18.0,2
CUST00004,33,5,349000,0.6,3.0,0
CUST00005,270,1,8000,-1.0,45.0,2
CUST00006,193,5,176500,-0.2,23.0,2
CUST00007,359,3,450,0.3333333333333333,28.0,2
CUST00008,45,4,410200,0.5,22.0,0
CUST00009,143,4,234000,0.25,52.0,0
CUST00010,258,4,205500,0.0,15.0,0
CUST00011,204,6,136550,0.16666666666666666,1.0,2
CUST00012,250,4,219400,0.0,51.0,0
CUST00013,344,1,50,0.0,35.0,2
CUST00014,290,6,766000,0.3333333333333333,38.0,1
CUST00015,297,2,490000,0.0,40.0,1
CUST00016,64,2,45100,-0.5,9.0,2
CUST00017,202,5,150400,0.0,51.0,2
CUST00018,68,7,441150,0.5714285714285714,7.0,0
CUST00019,311,5,647300,0.4,7.0,1
CUST00020,146,5,99500,0.6,55.0,2
CUST00021,257,6,255700,0.8333333333333334,37.0,0
CUST00022,156,8,301850,0.75,41.0,0
CUST00023,98,7,605300,0.14285714285714285,6.0,1
CUST00025,284,3,550000,0.3333333333333333,24.0,1
CUST00026,310,5,523700,0.6,5.0,1
CUST00027,346,5,236200,1.0,25.0,0
CUST00028,119,5,468000,-0.4,50.0,1
CUST00029,313,5,499300,0.2,38.0,1
CUST00030,41,5,357000,0.2,20.0,0
CUST00031,50,4,139150,0.25,25.0,2
CUST00032,130,1,400,0.0,10.0,2
CUST00033,43,2,60500,0.5,47.0,2
CUST00034,223,6,412000,-0.16666666666666666,42.0,0
CUST00035,292,6,614300,0.5,9.0,1
CUST00036,207,2,100000,0.5,46.0,2
CUST00037,19,5,655050,-0.6,25.0,1
CUST00038,326,5,278000,-0.2,30.0,0
CUST00040,34,5,151400,-0.6,33.0,2
CUST00041,101,2,32000,0.5,29.0,2
CUST00042,43,4,316100,0.25,11.0,0
CUST00043,326,5,336000,0.4,45.0,0
CUST00044,328,2,99000,0.0,49.0,2
CUST00045,270,8,898000,0.625,1.0,1
CUST00046,267,1,350000,1.0,8.0,0
CUST00047,16,10,226850,0.3,19.0,0
CUST00048,211,5,794000,-0.2,36.0,1
CUST00049,8,5,362250,0.2,47.0,0
CUST00050,314,3,173000,0.0,57.0,2
CUST00051,30,5,159400,0.2,34.0,2
CUST00052,284,3,254000,0.0,53.0,0
CUST00053,209,5,255400,0.4,16.0,0
CUST00054,76,5,404300,0.4,6.0,0
CUST00055,91,3,136000,0.3333333333333333,14.0,2
CUST00056,308,2,60000,-1.0,32.0,2
CUST00057,177,4,321000,0.0,4.0,0
CUST00058,307,4,18200,0.5,15.0,2
CUST00059,257,6,211400,0.6666666666666666,36.0,0
CUST00060,295,4,149250,0.5,52.0,2
CUST00061,172,2,160000,0.0,42.0,2
CUST00062,298,3,215250,0.6666666666666666,29.0,0
CUST00063,356,3,117000,0.6666666666666666,26.0,2
CUST00064,220,7,422300,0.2857142857142857,9.0,0
CUST00065,336,4,577000,0.0,23.0,1
CUST00066,141,3,74150,0.6666666666666666,48.0,2
CUST00067,363,5,281000,0.8,2.0,0
CUST00068,29,3,57000,0.3333333333333333,38.0,2
CUST00069,109,2,237000,-0.5,55.0,0
CUST00070,143,3,42200,0.3333333333333333,22.0,2
CUST00071,330,4,81300,0.25,39.0,2
CUST00072,247,4,688000,-0.25,44.0,1
CUST00073,275,2,87000,-0.5,49.0,2
CUST00074,222,4,289250,0.25,53.0,0
CUST00075,271,4,215650,-0.5,11.0,0
CUST00076,193,4,135000,0.25,34.0,2
CUST00077,89,3,240400,-1.0,8.0,0
CUST00078,172,3,105300,0.3333333333333333,58.0,2
CUST00079,240,1,50000,0.0,28.0,2
CUST00080,11,2,366000,1.0,53.0,0
CUST00081,219,5,349600,0.4,50.0,0
CUST00082,197,5,198200,0.4,20.0,2
CUST00083,342,3,34050,0.3333333333333333,44.0,2
CUST00084,196,6,108150,0.0,41.0,2
CUST00085,220,5,105200,0.4,12.0,2
CUST00086,10,2,16000,-0.5,40.0,2
CUST00087,84,2,312000,0.0,31.0,0
CUST00088,314,4,96200,0.25,9.0,2
CUST00089,241,1,60000,1.0,49.0,2
CUST00090,148,7,404550,0.5714285714285714,50.0,0
CUST00091,261,4,246200,-0.25,35.0,0
CUST00092,302,3,299000,0.3333333333333333,58.0,0
CUST00093,326,1,60000,0.0,35.0,2
CUST00094,165,2,90000,1.0,21.0,2
CUST00095,111,3,123300,0.0,10.0,2
CUST00096,229,3,300050,-0.3333333333333333,26.0,0
CUST00097,357,7,475000,0.2857142857142857,41.0,1
CUST00098,224,4,170250,0.75,1.0,2
CUST00099,35,1,135000,0.0,16.0,2
CUST00100,155,5,321000,0.4,31.0,0
CUST00101,62,5,412000,0.4,5.0,0
CUST00102,150,3,204000,1.0,55.0,0
CUST00103,260,5,152050,1.0,30.0,2
CUST00104,206,2,3050,0.0,36.0,2
CUST00105,14,5,174450,0.0,10.0,2
CUST00106,137,8,267200,-0.125,30.0,0
CUST00107,118,7,150250,0.5714285714285714,58.0,2
CUST00108,201,5,112000,-0.2,10.0,2
CUST00109,32,3,250000,0.6666666666666666,47.0,0
CUST00110,91,6,260150,0.3333333333333333,57.0,0
CUST00111,23,5,574000,-0.2,12.0,1
CUST00112,248,2,143000,0.0,5.0,2
CUST00113,74,5,505000,0.6,53.0,1
CUST00114,292,4,234000,0.0,29.0,0
CUST00115,49,5,476000,0.6,53.0,1
CUST00116,306,4,57650,0.25,31.0,2
CUST00117,358,2,176000,0.5,27.0,2
CUST00118,256,3,425000,-1.0,56.0,0
CUST00119,234,2,111000,0.5,3.0,2
CUST00120,170,3,36400,0.3333333333333333,12.0,2
CUST00121,212,5,165300,1.0,11.0,2
CUST00122,259,4,108500,0.5,18.0,2
CUST00123,288,3,420000,0.3333333333333333,42.0,0
CUST00124,289,1,3000,0.0,19.0,2
CUST00125,125,5,249300,0.2,1.0,0
CUST00126,229,1,60000,1.0,50.0,2
CUST00127,6,2,57000,1.0,36.0,2
CUST00128,269,2,75200,0.0,52.0,2
CUST00129,156,4,498100,0.5,30.0,1
CUST00130,187,3,69050,0.3333333333333333,24.0,2
CUST00131,264,4,131300,0.25,47.0,2
CUST00132,247,3,148000,0.0,56.0,2
CUST00133,44,4,228100,0.0,1.0,0
CUST00134,17,5,153700,0.0,15.0,2
CUST00135,350,6,338100,0.16666666666666666,25.0,0
CUST00136,300,4,146000,-0.75,6.0,2
CUST00137,352,3,575000,0.0,17.0,1
CUST00138,11,8,242200,0.375,30.0,0
CUST00139,170,7,399000,0.0,38.0,0
CUST00140,196,1,24000,1.0,49.0,2
CUST00141,11,3,270300,0.0,3.0,0
CUST00142,201,8,202650,0.75,34.0,0
CUST00143,361,2,100000,0.5,53.0,2
CUST00144,92,1,24000,1.0,50.0,2
CUST00145,46,6,591000,0.5,49.0,1
CUST00146,306,5,234300,0.4,4.0,0
CUST00147,80,4,288600,0.25,41.0,0
CUST00148,279,3,255300,0.6666666666666666,12.0,0
CUST00149,259,2,48150,-0.5,46.0,2
CUST00150,344,3,140400,0.3333333333333333,21.0,2
CUST00151,0,4,255000,0.0,57.0,0
CUST00152,313,7,769250,0.5714285714285714,31.0,1
CUST00153,83,2,45050,-0.5,45.0,2
CUST00154,168,4,48700,0.25,20.0,2
CUST00155,88,1,90000,1.0,11.0,2
CUST00157,108,3,12600,0.0,13.0,2
CUST00158,170,2,42000,0.0,8.0,2
CUST00159,178,1,12000,1.0,8.0,2
CUST00160,252,2,222000,0.5,23.0,0
CUST00161,304,6,400050,0.0,44.0,0
CUST00162,219,6,91500,0.3333333333333333,15.0,2
CUST00163,131,4,98300,0.0,42.0,2
CUST00164,357,5,120600,0.4,32.0,2
CUST00165,122,9,638150,-0.3333333333333333,9.0,1
CUST00166,215,3,60350,1.0,10.0,2
CUST00167,334,4,425050,0.75,44.0,0
CUST00168,304,4,225000,0.25,5.0,0
CUST00169,69,2,173000,-0.5,24.0,2
CUST00170,135,4,258500,0.5,17.0,0
CUST00171,112,6,862000,-0.16666666666666666,17.0,1
CUST00172,342,7,164200,0.14285714285714285,34.0,2
CUST00173,267,6,363200,0.5,54.0,0
CUST00174,158,4,350700,0.25,33.0,0
CUST00175,249,6,180300,-0.16666666666666666,58.0,2
CUST00176,159,5,226100,0.2,46.0,0
CUST00177,228,4,235000,0.75,1.0,0
CUST00178,124,5,90650,-0.2,41.0,2
CUST00179,302,4,211500,0.25,56.0,0
CUST00180,73,9,219000,0.2222222222222222,20.0,0
CUST00181,168,4,185550,0.25,37.0,2
CUST00182,196,2,280150,0.0,50.0,0
CUST00183,142,4,448000,0.5,28.0,0
CUST00184,322,5,192050,0.6,54.0,2
CUST00185,159,5,453300,0.2,20.0,0
CUST00186,111,2,350000,0.0,47.0,0
CUST00187,220,6,181150,0.0,41.0,2
CUST00188,84,4,96200,0.25,22.0,2
CUST00189,107,4,149200,-0.5,27.0,2
CUST00190,172,2,66000,1.0,57.0,2
CUST00191,292,2,270000,0.5,58.0,0
CUST00192,285,2,135050,1.0,7.0,2
CUST00193,229,6,247000,0.6666666666666666,3.0,0
CUST00194,232,3,84000,-1.0,34.0,2
CUST00195,126,2,225000,-0.5,55.0,0
CUST00196,42,6,97050,0.6666666666666666,45.0,2
CUST00197,6,4,60250,0.25,44.0,2
CUST00198,321,1,6000,-1.0,55.0,2
CUST00199,244,5,246250,0.8,44.0,0
CUST00200,157,3,197000,0.0,17.0,2
CUST00201,193,5,230500,-0.4,20.0,0
CUST00202,73,5,128400,0.2,2.0,2
CUST00203,89,4,264000,0.25,35.0,0
CUST00204,160,6,109050,0.5,5.0,2
CUST00205,5,6,291400,0.16666666666666666,13.0,0
CUST00206,96,4,270450,-0.5,36.0,0
CUST00207,241,3,155000,0.6666666666666666,53.0,2
CUST00208,72,2,24000,0.5,27.0,2
CUST00209,195,1,24000,-1.0,1.0,2
CUST00210,249,5,342150,0.2,59.0,0
CUST00211,0,4,16700,0.25,25.0,2
CUST00212,47,4,480300,0.5,33.0,1
CUST00213,252,6,377100,0.0,6.0,0
CUST00214,320,5,415300,0.4,7.0,0
CUST00215,50,3,213000,0.6666666666666666,2.0,0
CUST00216,224,4,172000,1.0,59.0,2
CUST00217,127,4,364000,0.5,11.0,0
CUST00218,296,1,8000,-1.0,58.0,2
CUST00219,11,7,799000,0.5714285714285714,43.0,1
CUST00220,185,5,288000,-0.6,1.0,0
CUST00221,315,3,398250,0.6666666666666666,2.0,0
CUST00222,177,6,303950,0.3333333333333333,42.0,0
CUST00223,108,7,533000,1.0,46.0,1
CUST00224,187,7,559150,0.2857142857142857,49.0,1
CUST00225,36,8,500050,0.5,8.0,1
CUST00226,199,3,97000,0.0,53.0,2
CUST00227,95,7,566050,0.0,54.0,1
CUST00228,110,6,266400,0.5,37.0,0
CUST00229,224,1,225000,0.0,53.0,0
CUST00230,159,6,183000,0.16666666666666666,24.0,2
CUST00231,197,3,133200,0.3333333333333333,7.0,2
CUST00232,139,2,8250,0.5,6.0,2
CUST00233,129,4,135000,0.5,19.0,2
CUST00234,12,3,404000,0.0,29.0,0
CUST00235,186,5,417400,0.0,35.0,0
CUST00236,330,4,144100,-0.25,41.0,2
CUST00237,238,6,578450,0.16666666666666666,32.0,1
CUST00238,202,3,144000,-0.6666666666666666,22.0,2
CUST00239,190,4,294000,0.25,22.0,0
CUST00240,164,2,87000,0.5,31.0,2
CUST00241,134,4,198150,-0.25,28.0,2
CUST00243,220,5,514400,0.6,15.0,1
CUST00244,41,6,42850,-0.16666666666666666,56.0,2
CUST00245,18,4,165300,0.75,25.0,2
CUST00246,153,3,6150,0.3333333333333333,52.0,2
CUST00247,8,6,424000,0.5,32.0,0
CUST00248,183,4,900,0.25,33.0,2
CUST00249,254,4,50200,-0.5,19.0,2
CUST00250,52,5,270300,0.2,40.0,0
CUST00251,319,4,482250,0.0,20.0,1
CUST00252,213,9,280250,0.5555555555555556,16.0,0
CUST00253,0,2,60250,0.0,41.0,2
CUST00254,207,5,444200,0.8,50.0,0
CUST00255,142,5,230300,0.2,25.0,0
CUST00256,156,3,59000,0.6666666666666666,1.0,2
CUST00257,177,1,24000,1.0,26.0,2
CUST00258,20,4,340200,-0.25,15.0,0
CUST00259,63,4,388000,-0.25,26.0,0
CUST00260,160,4,72500,0.5,21.0,2
CUST00261,50,4,100200,0.0,57.0,2
CUST00262,152,7,867150,0.5714285714285714,49.0,1
CUST00263,94,4,223100,0.0,7.0,0
CUST00264,277,3,121000,0.6666666666666666,53.0,2
CUST00265,118,3,172000,0.6666666666666666,28.0,2
CUST00266,132,2,19000,0.5,27.0,2
CUST00267,200,4,9600,0.25,14.0,2
CUST00268,193,2,120000,1.0,39.0,2
CUST00269,187,1,15000,1.0,59.0,2
CUST00270,331,6,154250,-0.16666666666666666,47.0,2
CUST00271,268,5,273800,0.6,23.0,0
CUST00272,60,2,304000,-0.5,10.0,0
CUST00273,32,4,274050,0.75,21.0,0
CUST00274,72,2,15200,-0.5,58.0,2
CUST00275,168,6,327000,0.16666666666666666,18.0,0
CUST00276,183,5,103350,0.6,12.0,2
CUST00277,73,7,357000,0.2857142857142857,37.0,0
CUST00278,268,3,237300,0.3333333333333333,59.0,0
CUST00279,153,2,40000,0.5,36.0,2
CUST00280,180,7,207300,0.14285714285714285,31.0,0
CUST00281,48,5,227000,0.0,32.0,0
CUST00282,143,3,15300,0.6666666666666666,27.0,2
CUST00283,10,8,175800,0.625,1.0,2
CUST00284,40,4,211050,0.0,57.0,0
CUST00285,196,5,407000,0.6,39.0,0
CUST00286,225,7,262550,0.8571428571428571,50.0,0
CUST00287,161,6,269500,0.0,54.0,0
CUST00288,286,2,105000,1.0,48.0,2
CUST00289,54,1,60000,-1.0,48.0,2
CUST00290,92,2,24000,1.0,33.0,2
CUST00291,132,4,485000,0.75,27.0,1
CUST00293,202,2,358000,0.0,30.0,0
CUST00294,103,6,421300,-0.3333333333333333,44.0,0
CUST00295,264,4,128000,0.75,37.0,2
CUST00296,280,5,670000,0.4,57.0,1
CUST00297,361,3,85200,0.6666666666666666,29.0,2
CUST00298,269,5,328000,0.6,9.0,0
CUST00299,259,5,530000,0.4,39.0,1
CUST00300,224,4,357000,0.25,49.0,0
CUST00302,159,4,388000,0.0,26.0,0
CUST00303,24,3,66300,0.3333333333333333,30.0,2
CUST00304,299,6,334200,0.5,20.0,0
CUST00305,330,1,135000,1.0,2.0,2
CUST00306,121,3,261200,1.0,22.0,0
CUST00307,307,4,96100,0.75,14.0,2
CUST00308,1,6,361200,-0.3333333333333333,41.0,0
CUST00309,326,6,649000,0.5,37.0,1
CUST00310,157,4,395200,0.0,7.0,0
CUST00311,216,4,113100,-0.25,44.0,2
CUST00312,304,5,915000,0.8,3.0,1
CUST00313,143,2,15100,0.0,6.0,2
CUST00314,339,1,12000,-1.0,26.0,2
CUST00315,360,1,25000,0.0,19.0,2
CUST00316,10,5,344450,0.2,27.0,0
CUST00317,45,5,184200,0.2,56.0,2
CUST00318,185,8,835000,0.25,55.0,1
CUST00319,204,4,253000,0.75,58.0,0
CUST00320,140,8,308900,0.5,22.0,0
CUST00321,287,2,120000,0.0,23.0,2
CUST00322,150,5,250100,0.8,39.0,0
CUST00323,63,3,137100,-0.6666666666666666,3.0,2
CUST00324,210,4,84400,0.25,41.0,2
CUST00325,266,5,149550,-0.4,3.0,2
CUST00326,282,5,131500,0.2,14.0,2
CUST00327,314,1,50000,1.0,30.0,2
CUST00328,138,2,48000,1.0,8.0,2
CUST00329,303,4,382000,0.5,30.0,0
CUST00330,122,4,118000,0.25,2.0,2
CUST00331,106,5,146200,0.4,11.0,2
CUST00332,330,3,99000,1.0,11.0,2
CUST00333,206,6,135150,0.3333333333333333,23.0,2
CUST00334,294,5,109100,1.0,43.0,2
CUST00335,77,5,111300,0.4,57.0,2
CUST00336,310,4,93400,0.75,58.0,2
CUST00337,209,2,575000,0.5,17.0,1
CUST00338,28,6,509400,0.3333333333333333,4.0,1
CUST00339,282,4,148050,0.5,59.0,2
CUST00340,16,2,315000,-0.5,39.0,0
CUST00342,308,5,374100,1.0,8.0,0
CUST00343,273,6,158000,0.5,23.0,2
CUST00344,80,2,36000,0.5,39.0,2
CUST00345,103,4,333100,0.5,45.0,0
CUST00346,74,3,115000,0.0,1.0,2
CUST00347,73,3,24550,1.0,35.0,2
CUST00348,303,5,127250,0.2,22.0,2
CUST00349,119,1,15000,0.0,48.0,2
CUST00350,225,6,237500,0.3333333333333333,40.0,0
CUST00351,154,5,246000,-0.4,28.0,0
CUST00352,39,6,145250,0.3333333333333333,4.0,2
CUST00353,133,4,144200,-0.25,13.0,2
CUST00354,340,2,12300,0.0,9.0,2
CUST00355,172,2,315000,0.0,54.0,0
CUST00356,322,4,409000,0.25,36.0,0
CUST00357,309,7,486000,0.14285714285714285,51.0,1
CUST00358,206,7,380050,0.2857142857142857,4.0,0
CUST00359,162,4,480000,0.5,25.0,1
CUST00360,230,4,143000,1.0,28.0,2
CUST00361,102,2,102000,-0.5,11.0,2
CUST00362,339,3,113000,0.3333333333333333,22.0,2
CUST00363,75,4,409000,0.0,42.0,0
CUST00364,232,4,385000,0.5,51.0,0
CUST00365,128,5,586250,0.2,51.0,1
CUST00366,256,5,306250,0.2,10.0,0
CUST00367,354,5,37150,0.4,28.0,2
CUST00368,172,2,100150,-0.5,10.0,2
CUST00369,116,3,76000,0.3333333333333333,55.0,2
CUST00370,113,5,155200,-0.4,12.0,2
CUST00371,173,3,400,0.3333333333333333,38.0,2
CUST00372,55,2,700,0.5,49.0,2
CUST00373,239,1,500,1.0,53.0,2
CUST00374,104,7,375700,0.14285714285714285,16.0,0
CUST00375,42,1,100,0.0,21.0,2
CUST00376,238,10,510500,-0.1,27.0,1
CUST00377,211,5,194200,0.4,50.0,2
CUST00378,156,4,197050,0.25,7.0,2
CUST00379,286,6,985200,0.16666666666666666,3.0,1
CUST00380,203,5,235100,0.4,12.0,0
CUST00381,35,1,15000,1.0,13.0,2
CUST00382,220,3,90250,1.0,23.0,2
CUST00383,68,6,462450,1.0,19.0,1
CUST00384,193,6,413400,0.3333333333333333,2.0,0
CUST00385,293,2,82000,0.0,35.0,2
CUST00387,293,6,166250,0.6666666666666666,16.0,2
CUST00388,354,4,530000,0.75,25.0,1
CUST00389,216,4,114250,-0.25,57.0,2
CUST00390,92,4,135500,-0.5,27.0,2
CUST00391,264,2,176000,0.0,16.0,2
CUST00392,325,4,427000,0.25,1.0,0
CUST00393,181,7,268500,0.14285714285714285,37.0,0
CUST00394,2,3,72000,0.6666666666666666,12.0,2
CUST00395,218,2,33000,1.0,14.0,2
CUST00396,351,5,437000,0.2,11.0,0
CUST00397,177,4,90350,0.0,49.0,2
CUST00398,319,3,183000,0.0,52.0,2
CUST00399,312,5,131500,0.4,56.0,2
CUST00400,64,4,141250,-0.25,10.0,2
CUST00401,254,3,398400,0.6666666666666666,40.0,0
CUST00402,110,4,555000,0.75,13.0,1
CUST00403,106,5,696000,0.8,22.0,1
CUST00404,349,4,200400,0.75,28.0,2
CUST00405,60,7,327850,0.2857142857142857,49.0,0
CUST00406,327,1,60000,1.0,19.0,2
CUST00407,147,2,398000,1.0,29.0,0
CUST00408,35,3,400000,1.0,41.0,0
CUST00409,35,6,442050,0.0,39.0,0
CUST00410,173,2,165000,0.5,27.0,2
CUST00411,34,5,338100,0.4,14.0,0
CUST00412,108,2,78000,0.5,54.0,2
CUST00413,335,1,45000,1.0,57.0,2
CUST00414,72,9,910000,0.0,36.0,1
CUST00415,253,4,84000,0.5,22.0,2
CUST00416,91,3,350800,0.0,30.0,0
CUST00417,71,4,85500,-0.25,5.0,2
CUST00418,20,1,3000,1.0,22.0,2
CUST00419,231,8,419000,0.25,1.0,0
CUST00420,190,8,571200,0.25,20.0,1
CUST00421,272,6,445150,0.3333333333333333,9.0,0
CUST00422,330,3,301000,0.6666666666666666,3.0,0
CUST00423,193,2,8400,1.0,35.0,2
CUST00424,207,3,32300,0.3333333333333333,51.0,2
CUST00425,143,4,121200,0.75,43.0,2
CUST00426,360,2,15250,1.0,9.0,2
CUST00427,215,1,250,-1.0,31.0,2
CUST00428,235,5,324000,0.2,58.0,0
CUST00429,228,3,111150,0.6666666666666666,44.0,2
CUST00430,269,3,170000,1.0,21.0,2
CUST00431,57,2,200000,0.5,14.0,2
CUST00433,306,3,160000,0.6666666666666666,7.0,2
CUST00434,45,3,405000,0.3333333333333333,58.0,0
CUST00435,107,6,378000,0.3333333333333333,21.0,0
CUST00437,55,4,171200,0.75,4.0,2
CUST00438,300,2,23000,1.0,3.0,2
CUST00439,239,4,650,0.25,15.0,2
CUST00440,244,5,71150,0.2,41.0,2
CUST00441,350,1,48000,1.0,25.0,2
CUST00442,293,4,12850,0.0,50.0,2
CUST00443,186,3,232000,0.0,10.0,0
CUST00444,190,2,76000,-0.5,34.0,2
CUST00445,6,4,143500,0.25,43.0,2
CUST00446,36,2,82000,0.5,47.0,2
CUST00447,163,4,110000,0.5,1.0,2
CUST00448,66,5,328150,0.6,12.0,0
CUST00449,358,2,186000,1.0,20.0,2
CUST00450,173,7,167650,0.2857142857142857,17.0,2
CUST00451,219,8,151900,0.375,31.0,2
CUST00452,286,6,443000,0.5,6.0,0
CUST00453,2,5,208050,-0.2,56.0,0
CUST00454,35,4,599200,0.75,7.0,1
CUST00455,121,1,225000,1.0,58.0,0
CUST00456,164,7,861650,0.14285714285714285,3.0,1
CUST00457,30,5,493000,0.6,5.0,1
CUST00458,104,3,297000,0.3333333333333333,21.0,0
CUST00459,19,2,48000,1.0,18.0,2
CUST00460,136,1,12000,1.0,54.0,2
CUST00461,212,5,423000,0.4,13.0,0
CUST00462,74,3,264000,0.3333333333333333,9.0,0
CUST00463,251,5,54550,-0.2,19.0,2
CUST00464,267,8,552600,0.375,22.0,1
CUST00465,205,5,195400,-0.2,41.0,2
CUST00466,103,4,48450,-0.5,28.0,2
CUST00468,37,6,282000,0.16666666666666666,50.0,0
CUST00469,350,4,204000,0.25,5.0,0
CUST00470,289,5,75200,-0.4,25.0,2
CUST00471,316,6,474000,0.3333333333333333,26.0,1
CUST00472,338,4,504000,-0.5,32.0,1
CUST00473,137,3,76100,0.0,8.0,2
CUST00474,79,5,216100,0.6,59.0,0
CUST00475,319,5,325800,0.4,40.0,0
CUST00476,275,6,431400,0.16666666666666666,39.0,0
CUST00477,194,2,15150,0.0,38.0,2
CUST00478,219,4,445400,0.75,24.0,0
CUST00479,93,3,132000,0.6666666666666666,7.0,2
CUST00480,311,4,223200,1.0,9.0,0
CUST00481,178,3,113000,0.3333333333333333,18.0,2
CUST00482,301,9,611200,0.8888888888888888,36.0,1
CUST00483,163,3,120200,1.0,23.0,2
CUST00484,274,3,72100,0.3333333333333333,38.0,2
CUST00485,138,7,519200,0.42857142857142855,41.0,1
CUST00486,47,3,272000,0.6666666666666666,39.0,0
CUST00487,103,5,575000,0.2,31.0,1
CUST00488,85,4,259000,0.5,39.0,0
CUST00489,136,2,283000,0.0,5.0,0
CUST00490,261,4,503000,0.25,17.0,1
CUST00491,338,4,406000,-0.25,31.0,0
CUST00492,136,2,273000,0.0,26.0,0
CUST00493,138,3,96150,-0.3333333333333333,51.0,2
CUST00494,280,3,156000,1.0,12.0,2
CUST00495,190,6,327000,0.0,16.0,0
CUST00496,71,2,25000,0.5,33.0,2
CUST00497,180,1,125000,1.0,31.0,2
CUST00498,262,12,821050,0.0,51.0,1
CUST00499,189,5,221150,0.8,13.0,0
CUST00500,85,3,362300,0.3333333333333333,51.0,0
CUST00501,340,1,100,1.0,43.0,2
CUST00502,216,5,290800,0.0,41.0,0
CUST00503,50,2,175000,1.0,20.0,2
CUST00504,103,3,24250,0.0,9.0,2
CUST00505,91,1,350000,0.0,37.0,0
CUST00506,189,6,324000,-0.16666666666666666,31.0,0
CUST00507,15,3,472000,0.0,50.0,1
CUST00508,363,1,8000,-1.0,33.0,2
CUST00509,331,1,32000,1.0,35.0,2
CUST00510,4,2,24000,1.0,4.0,2
CUST00511,78,2,135150,0.0,11.0,2
CUST00512,270,6,290400,0.16666666666666666,11.0,0
CUST00513,328,5,276250,0.6,57.0,0
CUST00514,301,3,15800,0.6666666666666666,20.0,2
CUST00515,293,5,178300,0.2,39.0,2
CUST00516,59,5,96650,0.4,30.0,2
CUST00517,262,4,555000,0.25,10.0,1
CUST00518,144,3,102400,-0.6666666666666666,1.0,2
CUST00519,220,5,271250,0.4,59.0,0
CUST00520,44,3,9600,0.3333333333333333,46.0,2
CUST00521,332,2,45500,1.0,1.0,2
CUST00522,42,1,32000,0.0,44.0,2
CUST00523,73,3,12800,0.6666666666666666,26.0,2
CUST00524,292,3,69300,-0.3333333333333333,23.0,2
CUST00525,225,4,160400,0.5,25.0,2
CUST00526,302,5,138000,0.2,48.0,2
CUST00527,215,5,124050,0.2,30.0,2
CUST00528,357,2,210300,1.0,17.0,0
CUST00529,11,5,388000,-0.2,54.0,0
CUST00530,123,4,144400,0.25,50.0,2
CUST00531,39,7,631400,0.7142857142857143,42.0,1
CUST00532,203,2,15000,1.0,22.0,2
CUST00533,82,2,30300,-1.0,51.0,2
CUST00534,151,5,208000,0.6,7.0,0
CUST00535,353,2,9100,-0.5,59.0,2
CUST00536,149,6,180100,0.5,29.0,2
CUST00537,69,2,165000,-0.5,23.0,2
CUST00538,124,2,350300,0.0,11.0,0
CUST00539,231,4,265000,-0.25,26.0,0
CUST00540,341,10,322300,0.5,34.0,0
CUST00541,104,1,15000,-1.0,49.0,2
CUST00542,280,3,12250,0.3333333333333333,59.0,2
CUST00543,171,2,273000,0.0,22.0,0
CUST00544,186,3,410000,0.6666666666666666,57.0,0
CUST00545,53,4,210000,0.5,20.0,0
CUST00546,315,4,24250,0.75,12.0,2
CUST00547,0,7,292300,0.2857142857142857,43.0,0
CUST00548,92,3,82000,0.3333333333333333,31.0,2
CUST00549,77,4,206000,1.0,20.0,0
CUST00550,117,3,124000,-0.3333333333333333,47.0,2
CUST00551,95,6,735100,0.6666666666666666,41.0,1
CUST00552,322,2,280100,0.0,13.0,0
CUST00553,89,2,355000,1.0,9.0,0
CUST00554,300,9,636750,-0.1111111111111111,59.0,1
CUST00555,153,3,90000,0.3333333333333333,26.0,2
CUST00556,178,1,30000,-1.0,18.0,2
CUST00557,154,2,8500,0.0,4.0,2
CUST00558,280,1,45000,-1.0,45.0,2
CUST00559,209,2,90000,0.0,7.0,2
CUST00560,284,3,357000,0.3333333333333333,6.0,0
CUST00561,254,7,316100,0.8571428571428571,41.0,0
CUST00562,360,3,148100,1.0,42.0,2
CUST00563,170,5,364000,0.6,18.0,0
CUST00564,36,7,470000,0.0,6.0,1
CUST00565,92,2,192000,0.5,21.0,2
CUST00566,78,2,73000,1.0,51.0,2
CUST00567,325,5,623050,0.4,57.0,1
CUST00568,115,7,480000,0.0,11.0,1
CUST00569,286,3,70000,0.3333333333333333,36.0,2
CUST00570,9,3,64000,0.3333333333333333,8.0,2
CUST00571,227,3,325300,0.3333333333333333,24.0,0
CUST00572,223,3,30500,0.0,54.0,2
CUST00573,17,2,75000,0.0,4.0,2
CUST00574,339,4,195400,0.25,7.0,2
CUST00575,194,3,75200,0.0,55.0,2
CUST00576,38,5,100750,0.0,13.0,2
CUST00577,147,7,655000,0.7142857142857143,47.0,1
CUST00578,271,2,500,-0.5,18.0,2
CUST00579,208,3,60000,0.3333333333333333,53.0,2
CUST00580,280,2,36500,-0.5,51.0,2
CUST00581,155,2,34000,1.0,36.0,2
CUST00582,29,7,379350,-0.14285714285714285,54.0,0
CUST00583,283,5,219000,0.6,31.0,0
CUST00584,85,5,212000,1.0,23.0,0
CUST00585,260,5,90150,0.0,2.0,2
CUST00586,99,8,415350,-0.25,19.0,0
CUST00587,310,8,539400,-0.25,6.0,1
CUST00588,218,5,153100,0.4,59.0,2
CUST00589,246,2,9100,1.0,27.0,2
CUST00590,76,5,538000,0.2,39.0,1
CUST00591,69,2,9250,0.0,44.0,2
CUST00592,119,3,75550,0.3333333333333333,13.0,2
CUST00593,179,4,182500,0.0,41.0,2
CUST00594,66,8,609250,0.625,45.0,1
CUST00595,155,1,12000,1.0,29.0,2
CUST00596,69,8,569400,0.25,11.0,1
CUST00597,190,3,120400,0.3333333333333333,58.0,2
CUST00598,124,3,279000,-0.3333333333333333,15.0,0
CUST00599,199,4,386150,0.75,51.0,0
CUST00600,2,2,50200,-0.5,58.0,2
CUST00601,134,4,386250,0.75,59.0,0
CUST00602,188,4,150100,0.75,53.0,2
CUST00603,281,4,321000,0.25,29.0,0
CUST00604,270,2,45400,0.5,13.0,2
CUST00605,123,8,441350,-0.125,2.0,0
CUST00606,9,2,200000,0.5,49.0,2
CUST00607,13,3,132000,0.3333333333333333,8.0,2
CUST00608,121,4,38300,-0.25,55.0,2
CUST00610,41,3,140450,0.6666666666666666,51.0,2
CUST00611,312,4,138500,0.0,7.0,2
CUST00612,207,2,75250,0.0,28.0,2
CUST00613,72,1,6000,-1.0,11.0,2
CUST00614,75,3,63100,0.3333333333333333,29.0,2
CUST00615,175,5,149500,0.6,23.0,2
CUST00616,87,8,253250,0.25,47.0,0
CUST00617,149,4,180450,0.5,37.0,2
CUST00618,63,5,84400,0.4,39.0,2
CUST00619,270,7,641100,0.42857142857142855,44.0,1
CUST00620,0,5,245400,0.0,45.0,0
CUST00621,269,4,225050,0.0,50.0,0
CUST00622,144,3,80000,-0.3333333333333333,19.0,2
CUST00623,30,5,487000,0.4,21.0,1
CUST00624,60,2,72000,0.5,7.0,2
CUST00625,222,3,271000,0.6666666666666666,4.0,0
CUST00626,306,3,51500,0.0,26.0,2
CUST00627,57,7,350500,0.42857142857142855,25.0,0
CUST00628,325,5,645000,0.2,1.0,1
CUST00629,42,6,432200,0.6666666666666666,40.0,0
CUST00630,363,3,358000,0.0,35.0,0
CUST00631,221,2,205000,0.5,39.0,0
CUST00632,256,3,149000,1.0,2.0,2
CUST00633,128,2,37000,-0.5,31.0,2
CUST00634,47,4,234550,0.25,43.0,0
CUST00635,34,1,15000,-1.0,57.0,2
CUST00636,278,2,105000,1.0,40.0,2
CUST00637,251,4,264000,0.25,42.0,0
CUST00638,207,3,250000,0.0,42.0,0
CUST00639,174,5,440150,0.0,1.0,0
CUST00640,182,7,243050,0.2857142857142857,34.0,0
CUST00641,24,1,350000,0.0,51.0,0
CUST00642,321,3,159000,-0.3333333333333333,4.0,2
CUST00643,264,3,130000,0.6666666666666666,23.0,2
CUST00644,107,2,120000,-0.5,55.0,2
CUST00645,15,4,150450,0.25,32.0,2
CUST00646,163,4,213500,-0.25,20.0,0
CUST00647,240,5,211000,-0.2,23.0,0
CUST00648,241,7,102700,0.14285714285714285,14.0,2
CUST00649,161,5,219250,0.4,28.0,0
CUST00650,252,2,335000,0.0,26.0,0
CUST00651,299,8,475150,0.125,17.0,1
CUST00652,285,4,84300,-0.25,3.0,2
CUST00653,294,5,475000,0.0,14.0,1
CUST00654,93,3,359150,1.0,37.0,0
CUST00655,212,3,135000,1.0,10.0,2
CUST00656,12,5,174000,0.0,27.0,2
CUST00657,204,8,259700,0.375,52.0,0
CUST00658,26,5,193000,0.2,19.0,2
CUST00659,79,5,665000,0.4,7.0,1
CUST00660,43,3,85200,0.3333333333333333,30.0,2
CUST00661,157,6,320000,0.0,31.0,0
CUST00662,329,3,140000,0.0,54.0,2
CUST00663,344,3,375000,0.3333333333333333,40.0,0
CUST00664,29,1,250,-1.0,35.0,2
CUST00665,177,4,247100,0.25,4.0,0
CUST00666,317,2,380000,0.5,11.0,0
CUST00667,129,3,40100,0.3333333333333333,40.0,2
CUST00668,186,5,117250,0.6,5.0,2
CUST00669,323,1,50,1.0,49.0,2
CUST00670,105,3,360100,0.3333333333333333,18.0,0
CUST00671,285,8,404000,0.625,8.0,0
CUST00672,176,4,24100,0.25,17.0,2
CUST00673,18,6,421400,0.3333333333333333,12.0,0
CUST00674,274,3,88000,0.6666666666666666,15.0,2
CUST00675,164,6,105800,0.6666666666666666,50.0,2
CUST00676,34,7,481700,0.5714285714285714,49.0,1
CUST00677,20,5,158100,0.2,48.0,2
CUST00678,141,4,184000,-0.25,16.0,2
CUST00679,305,3,240100,-0.6666666666666666,20.0,0
CUST00680,224,5,50250,0.6,25.0,2
CUST00681,361,3,96250,0.3333333333333333,34.0,2
CUST00682,266,8,530200,0.75,53.0,1
CUST00683,93,2,68000,1.0,50.0,2
CUST00684,86,10,958900,0.0,56.0,1
CUST00685,174,5,394000,0.0,53.0,0
CUST00686,357,6,482000,0.6666666666666666,36.0,1
CUST00687,32,6,697300,-0.3333333333333333,46.0,1
CUST00688,162,2,225250,0.5,55.0,0
CUST00689,183,1,75000,1.0,10.0,2
CUST00690,174,7,519200,0.7142857142857143,1.0,1
CUST00691,66,4,39600,0.25,48.0,2
CUST00692,74,5,414000,0.2,11.0,0
CUST00693,90,7,320000,0.8571428571428571,26.0,0
CUST00695,38,7,348650,0.42857142857142855,5.0,0
CUST00696,359,2,149000,1.0,9.0,2
CUST00697,249,4,96050,0.5,12.0,2
CUST00698,359,2,48000,1.0,46.0,2
CUST00699,196,6,858000,0.0,41.0,1
CUST00700,201,6,69900,0.3333333333333333,5.0,2
CUST00701,229,3,98000,0.6666666666666666,43.0,2
CUST00702,1,4,106100,0.75,48.0,2
CUST00703,50,2,60000,1.0,14.0,2
CUST00704,92,3,176000,0.0,30.0,2
CUST00705,155,4,135750,0.5,7.0,2
CUST00706,280,1,6000,0.0,37.0,2
CUST00707,72,5,57400,0.0,56.0,2
CUST00708,193,5,295000,0.2,38.0,0
CUST00709,22,2,171000,1.0,13.0,2
CUST00710,328,1,100,1.0,29.0,2
CUST00711,248,4,112700,1.0,35.0,2
CUST00712,66,2,99000,-0.5,30.0,2
CUST00713,342,5,251100,1.0,28.0,0
CUST00714,150,5,90700,0.6,8.0,2
CUST00715,340,4,522400,0.0,10.0,1
CUST00716,224,3,120000,0.6666666666666666,19.0,2
CUST00717,243,3,64100,0.0,18.0,2
CUST00718,35,3,112150,-0.3333333333333333,16.0,2
CUST00719,255,2,300000,0.5,22.0,0
CUST00720,215,6,227500,0.3333333333333333,17.0,0
CUST00721,277,4,78050,0.25,56.0,2
CUST00722,177,5,257400,0.2,53.0,0
CUST00723,220,4,243000,0.25,4.0,0
CUST00724,338,4,230400,0.25,17.0,0
CUST00725,149,1,150,1.0,34.0,2
CUST00726,171,2,350300,0.5,51.0,0
CUST00727,111,4,294000,0.25,55.0,0
CUST00728,318,1,36000,1.0,44.0,2
CUST00729,259,2,18000,0.5,23.0,2
CUST00730,162,4,47000,0.75,5.0,2
CUST00731,212,2,12150,0.0,5.0,2
CUST00732,112,5,395750,0.4,52.0,0
CUST00733,347,6,120350,0.3333333333333333,46.0,2
CUST00734,201,9,300200,0.4444444444444444,3.0,0
CUST00735,266,2,61000,0.5,42.0,2
CUST00736,164,3,340150,0.3333333333333333,4.0,0
CUST00737,226,5,289300,0.4,55.0,0
CUST00738,352,6,141800,0.16666666666666666,25.0,2
CUST00739,177,4,241000,0.75,48.0,0
CUST00740,72,5,434500,0.0,16.0,0
CUST00741,166,5,832000,0.2,48.0,1
CUST00742,122,2,100000,0.0,57.0,2
CUST00743,30,3,225250,0.3333333333333333,11.0,0
CUST00744,184,2,40200,1.0,46.0,2
CUST00745,37,3,350550,-0.3333333333333333,11.0,0
CUST00746,88,3,155000,0.3333333333333333,12.0,2
CUST00747,64,4,146600,0.75,6.0,2
CUST00748,249,5,470400,0.2,23.0,1
CUST00749,260,4,69600,0.25,13.0,2
CUST00750,322,2,137000,1.0,41.0,2
CUST00751,144,5,443000,0.2,2.0,0
CUST00752,323,4,425250,1.0,20.0,0
CUST00753,364,2,143000,-1.0,4.0,2
CUST00754,152,10,733400,-0.4,6.0,1
CUST00755,53,3,68400,0.6666666666666666,34.0,2
CUST00756,348,2,24000,1.0,42.0,2
CUST00757,4,4,72200,0.25,44.0,2
CUST00758,211,8,393100,0.5,48.0,0
CUST00759,345,2,358000,0.5,59.0,0
CUST00760,234,1,100,1.0,4.0,2
CUST00761,315,6,297300,-0.16666666666666666,6.0,0
CUST00762,67,2,102000,-0.5,7.0,2
CUST00763,202,3,47400,0.6666666666666666,56.0,2
CUST00764,193,5,506650,0.6,38.0,1
CUST00766,65,4,533000,0.5,43.0,1
CUST00767,360,3,135200,-0.3333333333333333,55.0,2
CUST00768,345,5,271350,0.2,47.0,0
CUST00769,128,1,45000,-1.0,41.0,2
CUST00770,188,2,60400,1.0,53.0,2
CUST00771,252,4,508000,0.75,25.0,1
CUST00772,248,4,72750,0.5,51.0,2
CUST00773,343,4,205400,0.5,5.0,0
CUST00774,97,3,280100,0.3333333333333333,11.0,0
CUST00775,146,3,159250,0.0,13.0,2
CUST00776,319,7,336700,0.14285714285714285,21.0,0
CUST00777,144,1,45000,1.0,35.0,2
CUST00778,337,6,530000,0.0,55.0,1
CUST00779,267,3,132000,0.0,24.0,2
CUST00780,41,5,220300,0.0,32.0,0
CUST00781,256,5,135050,0.2,58.0,2
CUST00782,187,5,114000,0.0,37.0,2
CUST00783,234,3,171400,0.3333333333333333,19.0,2
CUST00784,58,4,76250,0.5,46.0,2
CUST00785,210,4,15250,0.25,41.0,2
CUST00786,194,3,9300,-0.3333333333333333,40.0,2
CUST00787,271,3,240000,0.3333333333333333,53.0,0
CUST00788,343,5,307200,0.8,23.0,0
CUST00789,316,2,126000,1.0,6.0,2
CUST00790,201,7,240300,-0.14285714285714285,19.0,0
CUST00791,325,7,169350,0.14285714285714285,24.0,2
CUST00792,270,8,281200,0.375,52.0,0
CUST00793,178,6,552000,-0.16666666666666666,1.0,1
CUST00794,328,5,197200,0.2,16.0,2
CUST00795,316,4,84100,0.25,26.0,2
CUST00796,45,5,108000,0.2,37.0,2
CUST00797,279,2,325000,-0.5,2.0,0
CUST00798,311,5,111100,-0.2,52.0,2
CUST00799,204,4,520200,-0.25,12.0,1
CUST00800,344,3,415000,0.6666666666666666,28.0,0
CUST00801,32,4,384000,0.5,9.0,0
CUST00802,308,3,240400,0.3333333333333333,21.0,0
CUST00803,190,5,88100,0.2,57.0,2
CUST00804,344,10,954600,0.1,31.0,1
CUST00805,16,1,90000,0.0,11.0,2
CUST00806,206,4,147250,0.5,20.0,2
CUST00807,159,9,394300,0.2222222222222222,54.0,0
CUST00809,127,5,461000,0.4,34.0,1
CUST00810,266,2,98000,1.0,2.0,2
CUST00811,99,3,107300,0.6666666666666666,13.0,2
CUST00812,215,3,99100,-0.3333333333333333,25.0,2
CUST00813,273,6,348050,0.16666666666666666,45.0,0
CUST00814,135,2,50200,1.0,53.0,2
CUST00815,11,6,707200,0.3333333333333333,29.0,1
CUST00816,147,1,30000,1.0,28.0,2
CUST00817,252,3,234500,-0.3333333333333333,51.0,0
CUST00819,168,3,60500,1.0,14.0,2
CUST00820,335,9,820700,0.2222222222222222,26.0,1
CUST00821,292,4,309100,-0.75,31.0,0
CUST00822,96,3,312000,0.6666666666666666,56.0,0
CUST00823,14,4,212000,0.75,27.0,0
CUST00824,61,3,39250,1.0,52.0,2
CUST00825,150,3,147000,0.0,53.0,2
CUST00826,333,2,25200,0.5,51.0,2
CUST00827,220,6,464200,1.0,5.0,1
CUST00828,281,2,60000,-0.5,22.0,2
CUST00829,276,4,376000,-0.25,1.0,0
CUST00830,157,7,169100,-0.14285714285714285,6.0,2
CUST00831,123,2,120000,0.5,4.0,2
CUST00832,231,3,100400,-0.3333333333333333,30.0,2
CUST00833,266,7,425000,0.5714285714285714,1.0,0
CUST00834,259,4,108000,0.0,38.0,2
CUST00835,350,8,204850,0.125,42.0,0
CUST00836,6,4,168000,1.0,21.0,2
CUST00838,108,7,370000,0.8571428571428571,8.0,0
CUST00839,364,1,8000,-1.0,58.0,2
CUST00840,323,2,105000,1.0,25.0,2
CUST00841,220,3,535000,-0.3333333333333333,25.0,1
CUST00842,269,4,211000,0.5,25.0,0
CUST00843,105,3,226000,-0.6666666666666666,41.0,0
CUST00844,189,5,350200,0.2,44.0,0
CUST00845,148,6,129500,0.6666666666666666,45.0,2
CUST00846,268,5,237000,0.0,51.0,0
CUST00847,12,4,425100,0.25,7.0,0
CUST00848,148,2,192000,0.5,6.0,2
CUST00849,80,4,12450,-0.25,35.0,2
CUST00850,205,4,219500,0.5,41.0,0
CUST00851,282,5,296000,-0.4,50.0,0
CUST00852,252,1,100000,1.0,57.0,2
CUST00853,77,2,24100,0.5,33.0,2
CUST00854,278,5,382100,0.2,57.0,0
CUST00855,229,7,668250,0.42857142857142855,24.0,1
CUST00856,115,1,24000,1.0,2.0,2
CUST00857,143,5,557000,0.4,15.0,1
CUST00858,303,4,63000,0.0,48.0,2
CUST00859,24,6,435100,0.16666666666666666,9.0,0
CUST00860,99,2,60000,0.5,48.0,2
CUST00861,44,5,308000,0.0,16.0,0
CUST00862,230,7,319000,0.42857142857142855,12.0,0
CUST00863,333,5,349400,-0.4,49.0,0
CUST00864,269,4,330200,0.25,46.0,0
CUST00865,211,2,44000,0.0,35.0,2
CUST00866,259,2,63000,0.0,28.0,2
CUST00867,230,1,3000,1.0,56.0,2
CUST00868,316,5,187000,0.0,56.0,2
CUST00869,43,7,220000,0.42857142857142855,44.0,0
CUST00870,155,3,171000,-0.3333333333333333,39.0,2
CUST00871,335,4,154000,0.75,44.0,2
CUST00872,204,6,500250,0.16666666666666666,20.0,1
CUST00874,235,3,196050,0.0,30.0,2
CUST00875,57,3,132000,-0.3333333333333333,15.0,2
CUST00876,264,3,16400,0.6666666666666666,20.0,2
CUST00877,186,5,182000,0.4,57.0,2
CUST00878,29,5,280300,0.4,55.0,0
CUST00879,158,3,37100,1.0,49.0,2
CUST00880,45,1,100000,1.0,42.0,2
CUST00881,169,1,16000,0.0,7.0,2
CUST00882,273,1,12000,1.0,11.0,2
CUST00883,196,2,200,1.0,33.0,2
CUST00884,283,4,306000,0.5,51.0,0
CUST00885,17,5,221050,0.2,57.0,0
CUST00886,242,2,93000,1.0,26.0,2
CUST00887,161,1,8000,1.0,22.0,2
CUST00888,304,3,99000,0.0,39.0,2
CUST00889,239,4,460000,-0.5,31.0,1
CUST00890,116,2,36000,1.0,17.0,2
CUST00891,59,1,25000,1.0,38.0,2
CUST00892,240,2,24200,-0.5,6.0,2
CUST00893,324,4,104200,0.25,20.0,2
CUST00894,354,8,654000,0.625,16.0,1
CUST00895,136,4,345500,0.25,12.0,0
CUST00896,151,7,177500,0.42857142857142855,38.0,2
CUST00897,357,4,259200,1.0,4.0,0
CUST00898,277,4,156000,0.25,57.0,2
CUST00899,197,1,250,-1.0,41.0,2
CUST00900,97,4,48200,0.25,53.0,2
CUST00901,239,3,76050,0.3333333333333333,49.0,2
CUST00902,92,1,500,1.0,27.0,2
CUST00903,187,3,216000,0.0,53.0,0
CUST00904,335,6,43400,0.16666666666666666,38.0,2
CUST00905,352,4,104500,0.0,49.0,2
CUST00906,57,3,260100,0.6666666666666666,47.0,0
CUST00907,357,4,209300,0.5,18.0,0
CUST00908,229,3,252000,1.0,34.0,0
CUST00909,50,5,445000,0.4,18.0,0
CUST00910,131,7,400400,0.0,47.0,0
CUST00911,30,3,90650,0.0,42.0,2
CUST00912,123,3,240100,1.0,45.0,0
CUST00913,114,4,678000,0.5,7.0,1
CUST00914,146,4,176000,0.5,58.0,2
CUST00915,273,5,47600,0.0,58.0,2
CUST00916,92,6,330350,0.16666666666666666,53.0,0
CUST00917,120,4,121200,0.5,45.0,2
CUST00918,282,3,24550,0.6666666666666666,52.0,2
CUST00919,38,4,470400,0.0,26.0,1
CUST00920,350,3,295050,-0.3333333333333333,12.0,0
CUST00921,159,1,400,1.0,50.0,2
CUST00922,274,2,60250,1.0,14.0,2
CUST00923,277,5,269200,0.2,35.0,0
CUST00924,223,3,65200,0.0,40.0,2
CUST00925,81,4,145050,0.25,25.0,2
CUST00926,337,3,283000,0.3333333333333333,13.0,0
CUST00927,234,7,790200,-0.2857142857142857,38.0,1
CUST00928,228,4,370000,0.75,45.0,0
CUST00929,59,1,90000,-1.0,49.0,2
CUST00930,130,4,109000,1.0,22.0,2
CUST00931,174,6,144550,0.0,1.0,2
CUST00932,293,3,27250,0.3333333333333333,46.0,2
CUST00933,276,6,536000,-0.16666666666666666,11.0,1
CUST00934,105,7,502050,0.2857142857142857,42.0,1
CUST00935,97,2,9500,0.0,51.0,2
CUST00936,244,8,635100,0.75,1.0,1
CUST00937,191,4,138700,1.0,34.0,2
CUST00938,99,4,65600,0.0,36.0,2
CUST00939,73,3,167500,-0.3333333333333333,22.0,2
CUST00940,361,4,405200,0.5,39.0,0
CUST00941,137,4,445150,0.25,39.0,0
CUST00942,303,4,678000,0.5,20.0,1
CUST00943,293,3,316100,1.0,1.0,0
CUST00944,102,1,100,0.0,1.0,2
CUST00945,195,6,205800,0.16666666666666666,59.0,0
CUST00947,280,6,124000,0.5,41.0,2
CUST00948,245,4,288000,0.25,28.0,0
CUST00949,169,3,208000,0.0,27.0,0
CUST00950,357,3,30200,0.0,13.0,2
CUST00951,258,3,159000,0.0,33.0,2
CUST00952,83,7,196300,0.42857142857142855,3.0,2
CUST00953,31,4,346000,0.25,11.0,0
CUST00954,345,2,210500,0.0,51.0,0
CUST00955,43,3,114000,0.0,13.0,2
CUST00956,8,5,190250,0.2,23.0,2
CUST00957,93,1,15000,1.0,1.0,2
CUST00958,35,4,331300,-0.25,3.0,0
CUST00959,126,2,82000,-0.5,58.0,2
CUST00960,29,4,442400,0.0,26.0,0
CUST00961,189,1,250,0.0,49.0,2
CUST00962,33,5,81000,0.4,10.0,2
CUST00963,178,5,616100,-0.8,10.0,1
CUST00964,102,3,72500,0.6666666666666666,39.0,2
CUST00965,354,3,245000,0.6666666666666666,12.0,0
CUST00966,312,2,66000,0.5,29.0,2
CUST00967,361,5,197000,0.2,48.0,2
CUST00968,49,7,511550,0.14285714285714285,24.0,1
CUST00969,292,2,210500,0.5,43.0,0
CUST00970,337,4,80000,0.25,17.0,2
CUST00971,263,2,305000,0.0,32.0,0
CUST00972,31,7,294550,0.2857142857142857,33.0,0
CUST00973,188,3,72000,-0.3333333333333333,16.0,2
CUST00974,57,5,130500,0.8,7.0,2
CUST00975,236,1,12000,-1.0,12.0,2
CUST00976,35,2,300,-0.5,21.0,2
CUST00977,273,7,353300,0.14285714285714285,50.0,0
CUST00978,320,4,128250,0.25,11.0,2
CUST00979,24,5,200100,0.0,43.0,2
CUST00980,267,3,87200,-0.3333333333333333,30.0,2
CUST00981,11,4,18550,-0.5,47.0,2
CUST00982,226,1,24000,1.0,13.0,2
CUST00983,62,4,306250,1.0,26.0,0
CUST00984,281,5,316000,0.0,15.0,0
CUST00985,67,2,52000,0.5,59.0,2
CUST00986,304,6,757000,-0.3333333333333333,21.0,1
CUST00987,122,4,140600,0.0,14.0,2
CUST00988,221,4,200150,0.5,32.0,2
CUST00989,14,6,294000,-0.16666666666666666,3.0,0
CUST00990,334,3,51000,-0.3333333333333333,4.0,2
CUST00991,254,2,51000,-0.5,21.0,2
CUST00992,95,7,484350,0.0,17.0,1
CUST00993,223,7,219250,0.42857142857142855,40.0,0
CUST00994,54,3,304300,1.0,4.0,0
CUST00995,291,5,537000,0.2,27.0,1
CUST00996,333,3,189000,0.6666666666666666,25.0,2
CUST00997,105,3,195000,0.0,54.0,2
CUST00998,237,2,60500,1.0,25.0,2
CUST00999,257,10,773700,0.4,29.0,1
CUST01000,83,5,474100,-0.2,40.0,1
CUST01001,117,8,494100,0.375,13.0,1
CUST01002,201,3,344000,0.6666666666666666,10.0,0
CUST01003,298,1,90000,0.0,51.0,2
CUST01004,22,4,247000,-0.25,40.0,0
CUST01005,228,1,350000,1.0,38.0,0
CUST01006,181,4,219000,0.5,3.0,0
CUST01007,183,3,73400,0.3333333333333333,17.0,2
CUST01008,265,1,24000,1.0,56.0,2
CUST01009,347,1,24000,0.0,11.0,2
CUST01010,291,6,156050,-0.5,52.0,2
CUST01011,183,5,637200,0.6,47.0,1
CUST01012,341,5,132100,0.0,39.0,2
CUST01013,226,3,175000,0.6666666666666666,24.0,2
CUST01014,184,3,54050,0.6666666666666666,53.0,2
CUST01015,187,4,373200,-0.5,39.0,0
CUST01016,149,4,458000,0.75,49.0,0
CUST01017,160,5,153300,0.6,10.0,2
CUST01018,192,2,366000,0.5,37.0,0
CUST01019,261,6,145300,0.5,46.0,2
CUST01020,130,5,303600,0.6,9.0,0
CUST01021,247,6,373600,-0.16666666666666666,27.0,0
CUST01022,169,6,146000,0.3333333333333333,19.0,2
CUST01023,194,4,172000,0.25,7.0,2
CUST01024,64,2,296000,1.0,23.0,0
CUST01025,158,4,340000,0.25,37.0,0
CUST01026,51,6,483650,-0.16666666666666666,17.0,1
CUST01027,33,3,219100,0.6666666666666666,36.0,0
CUST01028,0,4,348050,0.0,5.0,0
CUST01029,206,3,385000,-0.3333333333333333,50.0,0
CUST01030,99,4,130000,0.5,2.0,2
CUST01031,8,6,404150,0.5,16.0,0
CUST01032,105,5,302650,0.4,48.0,0
CUST01033,101,4,260000,-0.75,46.0,0
CUST01034,230,4,135400,0.5,57.0,2
CUST01035,91,2,39000,0.5,41.0,2
CUST01036,105,8,321300,0.5,9.0,0
CUST01037,186,4,60400,0.25,14.0,2
CUST01038,220,7,300550,-0.14285714285714285,34.0,0
CUST01040,93,2,58000,0.5,56.0,2
CUST01042,49,3,285250,0.6666666666666666,54.0,0
CUST01043,12,2,222000,1.0,30.0,0
CUST01044,106,3,72000,0.3333333333333333,32.0,2
CUST01045,293,4,283000,0.25,14.0,0
CUST01046,14,5,240000,0.8,56.0,0
CUST01047,145,5,408000,-0.4,25.0,0
CUST01048,37,4,174100,0.0,28.0,2
CUST01049,190,4,186050,0.25,29.0,2
CUST01050,194,5,265200,-0.2,51.0,0
CUST01051,314,5,181000,0.4,29.0,2
CUST01052,104,5,243000,0.8,50.0,0
CUST01053,156,5,30600,0.0,2.0,2
CUST01054,48,7,470000,0.7142857142857143,28.0,1
CUST01055,267,2,75100,-0.5,19.0,2
CUST01056,302,4,116050,0.25,56.0,2
CUST01057,214,3,173400,1.0,43.0,2
CUST01058,86,2,55000,0.5,48.0,2
CUST01059,272,1,250,1.0,52.0,2
CUST01060,361,1,70000,1.0,23.0,2
CUST01061,40,3,117000,-0.6666666666666666,53.0,2
CUST01062,233,4,153000,-0.25,36.0,2
CUST01063,133,3,230000,0.3333333333333333,31.0,0
CUST01064,332,5,374000,0.4,30.0,0
CUST01065,230,4,340000,0.0,18.0,0
CUST01066,283,3,88000,0.3333333333333333,33.0,2
CUST01067,344,6,252250,0.5,7.0,0
CUST01068,274,6,486200,0.8333333333333334,55.0,1
CUST01069,354,7,740250,0.2857142857142857,4.0,1
CUST01070,211,5,419300,0.4,22.0,0
CUST01071,227,3,309000,0.3333333333333333,46.0,0
CUST01072,283,1,180000,0.0,27.0,2
CUST01073,85,4,277000,-0.25,50.0,0
CUST01074,4,6,624000,0.0,22.0,1
CUST01075,13,8,755300,-0.125,24.0,1
CUST01076,212,9,957050,0.2222222222222222,5.0,1
CUST01077,102,6,206650,0.16666666666666666,32.0,0
CUST01078,292,2,125100,-0.5,37.0,2
CUST01079,231,1,100,0.0,20.0,2
CUST01080,359,3,94000,0.3333333333333333,40.0,2
CUST01081,315,5,190000,0.4,57.0,2
CUST01082,222,2,24150,-0.5,19.0,2
CUST01083,282,4,64250,0.5,7.0,2
CUST01084,334,2,24500,0.5,14.0,2
CUST01086,259,5,198300,0.4,21.0,2
CUST01087,27,8,367400,0.0,38.0,0
CUST01088,21,1,150,0.0,55.0,2
CUST01089,261,4,167000,-0.25,6.0,2
CUST01090,124,3,45500,0.6666666666666666,31.0,2
CUST01091,325,6,535200,0.5,39.0,1
CUST01092,172,5,62500,0.2,8.0,2
CUST01093,256,5,219050,-0.2,6.0,0
CUST01094,339,3,56300,0.3333333333333333,44.0,2
CUST01095,304,1,100,1.0,12.0,2
CUST01096,197,5,279000,-0.4,58.0,0
CUST01097,130,5,516500,0.8,45.0,1
CUST01098,102,1,24000,0.0,31.0,2
CUST01099,178,1,15000,0.0,56.0,2
CUST01100,258,5,294000,0.8,16.0,0
CUST01101,273,4,706200,0.75,54.0,1
CUST01102,269,2,24500,1.0,34.0,2
CUST01103,363,4,46900,0.0,2.0,2
CUST01104,341,3,87000,0.3333333333333333,58.0,2
CUST01105,156,4,162200,0.25,1.0,2
CUST01106,98,4,370100,0.5,22.0,0
CUST01107,349,6,240800,0.8333333333333334,30.0,0
CUST01108,205,3,28100,0.0,35.0,2
CUST01109,259,6,535000,0.3333333333333333,2.0,1
CUST01110,363,5,130100,1.0,39.0,2
CUST01111,114,3,158000,0.0,42.0,2
CUST01112,85,4,159000,0.75,25.0,2
CUST01113,302,7,639500,0.42857142857142855,10.0,1
CUST01114,92,6,102200,0.3333333333333333,36.0,2
CUST01115,267,1,90000,-1.0,33.0,2
CUST01116,102,1,16000,1.0,16.0,2
CUST01117,57,5,244500,0.0,39.0,0
CUST01118,58,7,492000,0.0,33.0,1
CUST01119,148,8,503500,0.375,37.0,1
CUST01120,21,2,27000,0.5,24.0,2
CUST01121,267,2,135500,1.0,30.0,2
CUST01122,154,2,12200,0.5,48.0,2
CUST01123,261,5,550650,0.4,1.0,1
CUST01124,296,6,289000,0.0,5.0,0
CUST01125,175,6,90250,0.0,19.0,2
CUST01126,80,6,54800,0.6666666666666666,25.0,2
CUST01127,363,6,216000,0.16666666666666666,50.0,0
CUST01128,333,1,140000,1.0,13.0,2
CUST01129,107,7,220100,0.2857142857142857,2.0,0
CUST01130,298,4,328000,0.25,39.0,0
CUST01131,325,3,149500,0.3333333333333333,26.0,2
CUST01132,198,4,202000,0.75,46.0,0
CUST01133,240,4,158000,0.25,59.0,2
CUST01134,209,3,256000,1.0,8.0,0
CUST01135,356,1,25000,1.0,45.0,2
CUST01136,28,3,48100,0.0,28.0,2
CUST01138,108,3,85000,0.3333333333333333,6.0,2
CUST01139,86,6,1150000,0.16666666666666666,34.0,1
CUST01140,98,2,78000,1.0,19.0,2
CUST01141,29,5,331300,0.2,37.0,0
CUST01142,344,2,96000,-0.5,13.0,2
CUST01143,220,4,93500,1.0,25.0,2
CUST01144,259,2,124000,0.0,30.0,2
CUST01145,349,5,81350,0.0,24.0,2
CUST01146,201,1,140000,-1.0,25.0,2
CUST01147,96,9,262150,0.1111111111111111,44.0,0
CUST01148,111,1,36000,-1.0,20.0,2
CUST01149,100,2,9400,-0.5,44.0,2
CUST01150,330,6,128500,0.0,10.0,2
CUST01151,188,6,709000,0.3333333333333333,40.0,1
CUST01152,146,4,197250,0.25,1.0,2
CUST01153,362,2,226000,0.0,23.0,0
CUST01154,262,3,57050,0.3333333333333333,27.0,2
CUST01155,225,6,862500,0.16666666666666666,13.0,1
CUST01156,22,4,120000,0.25,41.0,2
CUST01157,206,6,715200,0.5,10.0,1
CUST01158,207,3,270150,0.6666666666666666,53.0,0
CUST01159,164,2,27000,0.5,27.0,2
CUST01160,115,4,194050,0.25,1.0,2
CUST01161,180,6,60600,0.6666666666666666,5.0,2
CUST01162,91,2,72000,0.5,3.0,2
CUST01163,290,2,185000,0.5,2.0,2
CUST01164,112,10,532350,0.0,55.0,1
CUST01165,66,4,238400,0.75,21.0,0
CUST01166,296,1,50000,0.0,29.0,2
CUST01167,78,4,24150,0.5,34.0,2
CUST01168,317,5,345600,0.6,30.0,0
CUST01169,180,6,376200,-0.16666666666666666,6.0,0
CUST01170,179,2,34000,1.0,38.0,2
CUST01171,182,9,191250,-0.3333333333333333,35.0,2
CUST01172,339,4,180750,0.25,22.0,2
CUST01173,274,2,48050,0.0,21.0,2
CUST01174,39,4,225000,0.0,54.0,0
CUST01175,227,5,635200,0.0,13.0,1
CUST01176,58,3,225000,0.3333333333333333,28.0,0
CUST01177,231,5,195250,-0.2,27.0,2
CUST01178,225,8,121650,0.375,1.0,2
CUST01179,225,5,67450,0.0,4.0,2
CUST01180,358,4,164000,0.75,45.0,2
CUST01181,25,7,290500,-0.14285714285714285,56.0,0
CUST01182,127,6,396200,0.5,45.0,0
CUST01183,184,5,712150,0.0,56.0,1
CUST01184,123,6,129400,0.5,24.0,2
CUST01185,134,2,45200,0.0,30.0,2
CUST01186,188,5,164000,0.4,55.0,2
CUST01187,341,7,401150,0.2857142857142857,45.0,0
CUST01188,287,3,350550,0.6666666666666666,57.0,0
CUST01189,82,6,546500,0.8333333333333334,22.0,1
CUST01190,360,3,345500,0.3333333333333333,56.0,0
CUST01191,305,4,96400,0.75,20.0,2
CUST01192,250,8,345200,0.375,23.0,0
CUST01193,82,8,287500,-0.125,53.0,0
CUST01194,16,3,157300,0.6666666666666666,10.0,2
CUST01195,135,7,234500,0.0,28.0,0
CUST01196,357,2,18000,0.5,12.0,2
CUST01197,80,3,355500,0.6666666666666666,32.0,0
CUST01198,9,5,249000,0.4,18.0,0
CUST01199,79,3,93200,0.3333333333333333,8.0,2
CUST01200,186,4,124000,0.25,10.0,2
CUST01201,292,4,233000,-0.25,22.0,0
CUST01202,349,4,39150,-0.25,49.0,2
CUST01203,32,4,203000,0.25,18.0,0
CUST01204,32,3,14100,0.3333333333333333,35.0,2
CUST01205,343,1,50,0.0,39.0,2
CUST01206,12,3,95000,-0.3333333333333333,12.0,2
CUST01207,273,5,410000,0.8,39.0,0
CUST01208,20,4,87100,-0.25,38.0,2
CUST01210,245,4,541000,0.5,48.0,1
CUST01211,79,4,235500,0.25,10.0,0
CUST01212,352,2,143000,0.5,20.0,2
CUST01213,164,1,45000,1.0,32.0,2
CUST01214,250,1,8000,1.0,38.0,2
CUST01215,114,4,173000,0.75,39.0,2
CUST01216,172,5,300000,0.2,52.0,0
CUST01217,266,4,156100,0.5,10.0,2
CUST01218,62,3,134000,0.6666666666666666,34.0,2
CUST01219,149,5,497200,0.8,10.0,1
CUST01220,214,7,358000,0.0,3.0,0
CUST01221,163,5,342050,0.6,42.0,0
CUST01222,69,6,198450,0.6666666666666666,32.0,2
CUST01223,112,5,497100,0.2,27.0,1
CUST01224,213,8,1026000,0.125,1.0,1
CUST01225,7,7,568100,0.5714285714285714,14.0,1
CUST01226,233,4,23250,0.5,28.0,2
CUST01227,61,6,478400,-0.16666666666666666,15.0,1
CUST01228,28,5,400500,0.2,2.0,0
CUST01229,223,2,295000,-0.5,12.0,0
CUST01230,191,7,235200,0.7142857142857143,35.0,0
CUST01231,69,8,551500,0.125,43.0,1
CUST01232,179,4,345250,0.25,47.0,0
CUST01233,117,4,66300,0.25,31.0,2
CUST01234,214,3,145000,1.0,59.0,2
CUST01235,325,3,221000,0.3333333333333333,36.0,0
CUST01236,105,5,355400,0.4,23.0,0
CUST01237,91,2,60250,-0.5,4.0,2
CUST01238,216,3,59300,0.3333333333333333,59.0,2
CUST01239,64,4,238100,-0.25,43.0,0
CUST01240,89,3,535000,0.3333333333333333,57.0,1
CUST01241,359,4,24400,0.25,33.0,2
CUST01242,147,6,422000,0.5,44.0,0
CUST01243,311,5,357500,0.6,31.0,0
CUST01244,227,1,500,-1.0,3.0,2
CUST01245,134,4,76200,0.25,39.0,2
CUST01246,213,3,63100,0.3333333333333333,35.0,2
CUST01247,298,4,135550,-0.25,6.0,2
CUST01248,52,7,380650,0.2857142857142857,5.0,0
CUST01249,285,7,558050,0.42857142857142855,57.0,1
CUST01250,33,3,87150,0.6666666666666666,12.0,2
CUST01251,48,4,507000,0.75,21.0,1
CUST01252,102,2,288000,0.5,47.0,0
CUST01253,252,5,393000,0.2,55.0,0
CUST01254,116,6,259100,0.0,15.0,0
CUST01255,303,2,350200,0.5,42.0,0
CUST01256,271,5,587100,0.2,32.0,1
CUST01257,86,1,15000,1.0,25.0,2
CUST01258,77,3,143000,0.0,25.0,2
CUST01259,228,2,15250,1.0,8.0,2
CUST01260,85,1,200,-1.0,27.0,2
CUST01261,210,5,160000,0.2,55.0,2
CUST01262,300,2,149000,0.5,2.0,2
CUST01263,357,1,150,0.0,52.0,2
CUST01264,30,4,459200,0.5,20.0,0
CUST01265,129,4,123100,0.25,35.0,2
CUST01266,175,5,402000,0.2,25.0,0
CUST01267,99,4,250700,0.25,40.0,0
CUST01268,112,2,24100,0.0,57.0,2
CUST01269,326,5,286000,0.0,34.0,0
CUST01270,156,2,204000,0.5,13.0,0
CUST01271,187,4,275200,-0.5,33.0,0
CUST01272,339,4,48300,0.5,41.0,2
CUST01273,7,7,487400,0.2857142857142857,13.0,1
CUST01274,26,2,103000,0.5,55.0,2
CUST01275,271,4,57200,0.25,2.0,2
CUST01276,319,5,184000,0.2,52.0,2
CUST01277,105,1,25000,0.0,18.0,2
CUST01278,218,6,365100,0.6666666666666666,31.0,0
CUST01279,19,4,175250,-0.25,43.0,2
CUST01280,37,3,286150,0.0,40.0,0
CUST01281,355,3,96000,0.6666666666666666,36.0,2
CUST01282,70,3,131000,1.0,33.0,2
CUST01283,90,5,597000,0.0,1.0,1
CUST01284,267,4,81200,0.5,11.0,2
CUST01285,170,6,871000,-0.5,19.0,1
CUST01286,361,7,274200,0.2857142857142857,56.0,0
CUST01287,290,4,160000,0.75,59.0,2
CUST01288,324,2,36200,1.0,55.0,2
CUST01289,214,7,361300,0.14285714285714285,19.0,0
CUST01290,75,4,510250,0.5,6.0,1
CUST01291,135,5,430050,0.4,56.0,0
CUST01292,26,6,656400,0.0,51.0,1
CUST01293,305,8,413500,0.25,11.0,0
CUST01294,124,3,99300,0.3333333333333333,49.0,2
CUST01295,219,4,492000,0.75,14.0,1
CUST01296,79,3,483000,0.3333333333333333,48.0,1
CUST01297,254,3,24200,0.0,19.0,2
CUST01298,18,3,76000,0.6666666666666666,2.0,2
CUST01299,135,7,568300,0.5714285714285714,14.0,1
CUST01300,314,4,303000,0.0,29.0,0
CUST01301,12,2,50100,1.0,3.0,2
CUST01302,335,5,404000,-0.2,34.0,0
CUST01303,97,4,171100,0.25,35.0,2
CUST01304,90,6,1041000,0.6666666666666666,19.0,1
CUST01305,65,2,550,1.0,50.0,2
CUST01306,215,4,123000,0.5,15.0,2
CUST01307,315,2,200000,1.0,23.0,2
CUST01308,244,3,87500,0.3333333333333333,47.0,2
CUST01309,106,5,208300,-0.6,29.0,0
CUST01310,350,4,587000,0.25,36.0,1
CUST01311,192,3,207000,0.3333333333333333,48.0,0
CUST01312,28,6,396250,0.0,59.0,0
CUST01313,286,7,423200,0.14285714285714285,22.0,0
CUST01314,135,3,133250,0.6666666666666666,20.0,2
CUST01315,182,4,265200,0.5,9.0,0
CUST01316,239,4,135000,0.0,29.0,2
CUST01317,275,3,300150,0.6666666666666666,44.0,0
CUST01318,273,3,100100,0.6666666666666666,54.0,2
CUST01319,39,5,250000,0.6,17.0,0
CUST01320,80,4,280400,0.25,36.0,0
CUST01321,186,5,283000,0.4,8.0,0
CUST01322,152,5,366000,0.8,38.0,0
CUST01323,54,4,61000,0.25,33.0,2
CUST01324,188,3,16500,0.3333333333333333,8.0,2
CUST01325,162,3,49200,0.6666666666666666,31.0,2
CUST01326,43,4,328600,0.0,28.0,0
CUST01327,349,6,185200,0.3333333333333333,57.0,2
CUST01328,220,6,420000,0.0,8.0,0
CUST01329,133,2,237000,0.0,26.0,0
CUST01330,302,6,156100,0.8333333333333334,47.0,2
CUST01331,153,3,126000,0.6666666666666666,13.0,2
CUST01332,282,2,135300,0.0,44.0,2
CUST01333,32,3,417000,0.6666666666666666,19.0,0
CUST01334,11,2,81000,0.0,35.0,2
CUST01335,178,4,140050,0.0,11.0,2
CUST01336,225,7,391000,0.2857142857142857,20.0,0
CUST01337,352,7,600250,0.2857142857142857,28.0,1
CUST01338,259,6,77800,0.6666666666666666,9.0,2
CUST01339,169,3,90200,1.0,40.0,2
CUST01340,312,2,60000,0.5,41.0,2
CUST01341,176,5,340250,0.6,23.0,0
CUST01342,338,2,45100,0.0,1.0,2
CUST01343,311,4,362150,0.0,14.0,0
CUST01344,207,3,36200,1.0,17.0,2
CUST01345,172,9,232400,0.3333333333333333,25.0,0
CUST01346,354,4,51000,0.5,43.0,2
CUST01347,214,4,120150,0.5,55.0,2
CUST01348,82,4,60600,0.0,56.0,2
CUST01349,195,6,366150,-0.3333333333333333,37.0,0
CUST01350,66,4,269000,0.25,57.0,0
CUST01351,221,3,15200,0.6666666666666666,11.0,2
CUST01353,137,2,28000,-0.5,4.0,2
CUST01354,193,6,296450,0.5,41.0,0
CUST01355,95,4,210000,0.25,29.0,0
CUST01356,112,7,371000,0.0,14.0,0
CUST01357,350,2,86000,0.0,14.0,2
CUST01358,364,3,185050,0.3333333333333333,35.0,2
CUST01359,160,4,217000,0.5,31.0,0
CUST01360,344,5,435200,0.2,20.0,0
CUST01361,356,4,160300,0.25,46.0,2
CUST01362,327,3,150250,-0.6666666666666666,54.0,2
CUST01363,80,3,24300,0.6666666666666666,53.0,2
CUST01364,108,3,124500,0.6666666666666666,7.0,2
CUST01365,157,3,246200,-0.3333333333333333,55.0,0
CUST01366,297,7,259000,0.14285714285714285,1.0,0
CUST01367,3,2,350300,1.0,30.0,0
CUST01368,194,4,96050,-0.25,14.0,2
CUST01369,211,4,535100,-0.25,37.0,1
CUST01370,179,2,100150,0.5,34.0,2
CUST01371,210,4,608050,-0.5,37.0,1
CUST01372,339,4,306000,0.25,30.0,0
CUST01373,196,4,310400,0.25,24.0,0
CUST01374,181,5,208000,-0.2,34.0,0
CUST01375,208,2,15200,0.5,29.0,2
CUST01376,63,2,102000,1.0,55.0,2
CUST01377,288,2,138000,1.0,15.0,2
CUST01378,183,4,132000,0.0,5.0,2
CUST01379,128,2,56000,0.0,37.0,2
CUST01380,115,6,349150,-0.16666666666666666,50.0,0
CUST01381,327,6,593400,0.6666666666666666,38.0,1
CUST01382,309,4,124450,0.25,15.0,2
CUST01383,118,1,36000,0.0,10.0,2
CUST01384,287,7,319200,0.42857142857142855,33.0,0
CUST01385,217,4,101200,0.25,31.0,2
CUST01386,308,8,311250,0.625,55.0,0
CUST01387,351,3,48150,0.0,1.0,2
CUST01388,279,5,32850,0.0,51.0,2
CUST01389,115,2,94000,0.5,19.0,2
CUST01390,85,4,108500,0.5,22.0,2
CUST01391,216,4,222000,0.25,38.0,0
CUST01392,31,4,141250,0.5,3.0,2
CUST01393,351,6,736300,0.3333333333333333,10.0,1
CUST01394,32,3,273000,-0.3333333333333333,42.0,0
CUST01395,239,4,401200,0.25,46.0,0
CUST01396,68,4,541100,0.25,36.0,1
CUST01397,276,2,12250,0.5,54.0,2
CUST01398,130,6,491500,0.16666666666666666,34.0,1
CUST01399,195,3,336000,-0.3333333333333333,26.0,0
CUST01400,13,2,45000,0.0,4.0,2
CUST01401,308,5,135450,0.4,31.0,2
CUST01402,6,2,45400,0.0,47.0,2
CUST01403,68,4,44400,0.0,31.0,2
CUST01404,109,4,501000,0.5,23.0,1
CUST01405,30,6,640000,0.16666666666666666,27.0,1
CUST01406,207,8,466150,-0.125,18.0,1
CUST01407,161,3,298000,0.3333333333333333,25.0,0
CUST01408,124,6,465000,0.16666666666666666,53.0,1
CUST01409,71,4,136000,0.5,2.0,2
CUST01410,110,4,97000,0.5,58.0,2
CUST01411,314,1,48000,1.0,48.0,2
CUST01412,80,6,108650,-0.16666666666666666,36.0,2
CUST01413,176,2,292000,0.5,38.0,0
CUST01414,337,3,165000,-0.6666666666666666,53.0,2
CUST01415,279,4,275000,0.5,59.0,0
CUST01416,35,2,60100,0.5,55.0,2
CUST01417,117,1,30000,0.0,27.0,2
CUST01418,118,6,182500,0.16666666666666666,49.0,2
CUST01419,6,6,251550,0.3333333333333333,19.0,0
CUST01420,119,5,141700,0.8,45.0,2
CUST01421,144,5,189250,0.2,27.0,2
CUST01422,221,4,69200,0.75,55.0,2
CUST01423,56,3,572000,0.6666666666666666,46.0,1
CUST01424,207,4,162000,0.75,12.0,2
CUST01425,337,12,841150,0.0,37.0,1
CUST01426,290,6,354000,0.8333333333333334,38.0,0
CUST01427,62,3,200500,0.3333333333333333,26.0,2
CUST01428,38,4,167000,1.0,55.0,2
CUST01429,333,6,548000,0.0,43.0,1
CUST01430,147,4,336000,-0.5,44.0,0
CUST01431,218,7,620000,0.42857142857142855,59.0,1
CUST01432,78,1,60000,-1.0,26.0,2
CUST01433,71,7,306600,0.5714285714285714,2.0,0
CUST01434,330,5,315000,0.6,26.0,0
CUST01435,33,7,154500,0.0,50.0,2
CUST01436,138,2,273000,0.0,25.0,0
CUST01437,24,4,355000,0.0,44.0,0
CUST01438,256,4,670000,0.75,15.0,1
CUST01439,268,3,244000,0.0,24.0,0
CUST01440,89,2,32000,-1.0,36.0,2
CUST01441,4,3,139000,0.6666666666666666,44.0,2
CUST01442,338,2,75100,0.0,58.0,2
CUST01443,82,2,39000,0.0,22.0,2
CUST01444,214,3,75700,0.6666666666666666,45.0,2
CUST01445,8,4,205000,0.0,32.0,0
CUST01446,219,7,152150,0.14285714285714285,49.0,2
CUST01447,249,8,111750,0.375,41.0,2
CUST01448,107,6,93650,0.5,19.0,2
CUST01449,282,1,12000,0.0,26.0,2
CUST01450,177,4,306100,0.25,55.0,0
CUST01451,346,5,118200,0.2,14.0,2
CUST01452,203,6,290000,0.3333333333333333,22.0,0
CUST01453,198,4,146100,0.5,40.0,2
CUST01454,326,2,173000,1.0,53.0,2
CUST01455,23,6,618400,0.5,51.0,1
CUST01456,231,9,342300,0.3333333333333333,52.0,0
CUST01457,181,5,321200,-0.2,58.0,0
CUST01458,279,6,248200,0.5,6.0,0
CUST01459,345,3,144000,0.3333333333333333,9.0,2
CUST01460,358,7,738300,0.14285714285714285,7.0,1
CUST01461,115,4,185000,0.25,44.0,2
CUST01462,39,1,32000,1.0,20.0,2
CUST01463,347,6,126200,0.5,59.0,2
CUST01464,71,2,560000,0.0,18.0,1
CUST01465,244,4,293200,0.75,15.0,0
CUST01466,61,7,645700,0.0,10.0,1
CUST01467,309,2,60150,-0.5,14.0,2
CUST01468,41,6,250100,0.3333333333333333,9.0,0
CUST01469,199,4,225200,1.0,13.0,0
CUST01470,263,5,179100,0.6,14.0,2
CUST01471,304,4,39600,0.25,7.0,2
CUST01472,241,4,92250,0.75,14.0,2
CUST01473,63,4,96200,0.5,49.0,2
CUST01474,294,3,60000,0.3333333333333333,48.0,2
CUST01475,247,10,323550,0.3,46.0,0
CUST01476,24,4,96550,0.25,6.0,2
CUST01477,80,2,151000,0.5,11.0,2
CUST01478,171,3,51200,0.0,22.0,2
CUST01479,204,1,48000,0.0,15.0,2
CUST01480,159,5,255750,-0.2,13.0,0
CUST01481,182,2,222000,-0.5,33.0,0
CUST01482,211,3,60000,0.6666666666666666,22.0,2
CUST01483,320,2,24100,-0.5,34.0,2
CUST01484,40,4,257000,-0.5,21.0,0
CUST01485,204,4,641000,0.0,35.0,1
CUST01486,47,5,177100,0.4,42.0,2
CUST01487,309,6,298450,-0.5,56.0,0
CUST01488,55,6,344000,0.8333333333333334,1.0,0
CUST01489,72,5,123600,0.4,26.0,2
CUST01490,71,4,140700,0.75,52.0,2
CUST01491,105,3,300150,0.3333333333333333,56.0,0
CUST01492,203,4,170250,1.0,16.0,2
CUST01493,211,4,137050,0.0,21.0,2
CUST01494,21,6,164400,0.16666666666666666,41.0,2
CUST01495,260,6,174750,0.3333333333333333,35.0,2
CUST01496,4,6,410150,0.0,11.0,0
CUST01497,28,3,106100,0.3333333333333333,4.0,2
CUST01498,306,4,470000,0.75,53.0,1
CUST01499,294,3,200000,-0.3333333333333333,14.0,2
CUST01500,81,4,299000,0.0,34.0,0
CUST01501,215,4,505300,0.25,5.0,1
CUST01502,310,2,145000,0.0,2.0,2
CUST01503,353,5,315100,-0.6,1.0,0
CUST01504,193,7,225300,0.42857142857142855,24.0,0
CUST01505,26,7,404500,0.14285714285714285,43.0,0
CUST01506,198,5,90500,0.2,48.0,2
CUST01507,318,4,90450,-0.25,35.0,2
CUST01508,96,7,300100,0.42857142857142855,23.0,0
CUST01509,114,2,400000,0.5,51.0,0
CUST01510,199,8,319400,0.125,17.0,0
CUST01511,229,2,45100,0.5,30.0,2
CUST01512,48,3,328100,0.3333333333333333,20.0,0
CUST01513,120,1,60000,0.0,14.0,2
CUST01514,97,5,141100,-0.2,7.0,2
CUST01515,147,7,276250,0.14285714285714285,4.0,0
CUST01516,226,4,80250,0.25,11.0,2
CUST01517,202,8,505000,0.25,28.0,1
CUST01518,188,4,330300,0.75,56.0,0
CUST01519,320,5,316000,0.8,55.0,0
CUST01520,19,2,20000,0.5,31.0,2
CUST01521,98,9,622400,0.1111111111111111,35.0,1
CUST01522,277,4,316050,0.75,58.0,0
CUST01523,80,6,94400,0.5,24.0,2
CUST01524,224,4,107000,0.75,32.0,2
CUST01525,114,1,225000,1.0,49.0,0
CUST01526,243,4,52500,1.0,46.0,2
CUST01527,250,7,492400,0.5714285714285714,6.0,1
CUST01528,44,5,90550,0.2,4.0,2
CUST01529,94,1,9000,1.0,26.0,2
CUST01531,329,4,540000,-0.25,4.0,1
CUST01532,298,2,9250,0.5,20.0,2
CUST01533,333,3,25300,0.0,30.0,2
CUST01534,248,3,449000,0.3333333333333333,45.0,0
CUST01535,26,7,375000,0.42857142857142855,21.0,0
CUST01536,287,2,66000,1.0,51.0,2
CUST01537,137,3,78400,0.0,33.0,2
CUST01538,182,4,61200,-0.5,4.0,2
CUST01539,8,4,124000,0.5,2.0,2
CUST01540,328,6,539050,0.5,54.0,1
CUST01541,274,8,311400,0.625,10.0,0
CUST01542,362,1,150,-1.0,19.0,2
CUST01543,322,2,350050,0.5,9.0,0
CUST01544,119,4,111000,-0.25,55.0,2
CUST01545,130,3,48450,0.6666666666666666,52.0,2
CUST01546,352,6,197300,0.5,32.0,2
CUST01547,79,5,434050,0.2,17.0,0
CUST01548,341,4,195300,0.5,11.0,2
CUST01549,250,3,245000,0.6666666666666666,52.0,0
CUST01550,303,1,225000,0.0,33.0,0
CUST01551,203,4,367000,0.75,54.0,0
CUST01552,47,9,277700,0.1111111111111111,51.0,0
CUST01553,271,4,138000,0.5,37.0,2
CUST01554,314,3,105200,-0.3333333333333333,21.0,2
CUST01555,341,6,456200,0.0,57.0,0
CUST01556,282,6,431050,0.3333333333333333,39.0,0
CUST01557,124,3,62000,-0.3333333333333333,44.0,2
CUST01558,167,6,288500,-0.3333333333333333,55.0,0
CUST01559,62,3,615000,0.0,4.0,1
CUST01560,14,4,132400,0.75,42.0,2
CUST01561,205,4,297000,0.0,38.0,0
CUST01562,290,2,27000,0.0,37.0,2
CUST01563,190,1,40000,1.0,53.0,2
CUST01564,16,5,421000,-0.2,44.0,0
CUST01565,265,5,270100,0.4,26.0,0
CUST01566,12,5,156600,-0.2,33.0,2
CUST01567,162,2,295000,0.5,51.0,0
CUST01568,167,7,1035000,0.7142857142857143,7.0,1
CUST01569,281,4,203000,-0.5,15.0,0
CUST01570,303,5,190050,0.8,20.0,2
CUST01571,98,7,414600,0.14285714285714285,23.0,0
CUST01572,318,6,328500,0.3333333333333333,21.0,0
CUST01573,219,4,262000,0.5,36.0,0
CUST01574,132,7,370300,-0.2857142857142857,7.0,0
CUST01575,19,4,456000,0.5,46.0,0
CUST01576,31,5,272200,-0.4,54.0,0
CUST01577,78,3,63000,1.0,22.0,2
CUST01578,141,4,108350,-0.25,40.0,2
CUST01579,317,3,197000,0.3333333333333333,41.0,2
CUST01580,37,4,235300,0.25,58.0,0
CUST01581,100,4,364050,0.25,14.0,0
CUST01582,146,5,203000,0.0,33.0,0
CUST01583,31,1,45000,-1.0,2.0,2
CUST01584,67,7,449500,0.14285714285714285,6.0,0
CUST01585,282,4,262150,0.75,50.0,0
CUST01586,314,2,355000,-0.5,25.0,0
CUST01587,13,3,27050,1.0,32.0,2
CUST01588,131,4,150100,0.5,23.0,2
CUST01589,260,3,100700,1.0,8.0,2
CUST01590,89,4,118100,0.75,13.0,2
CUST01591,359,3,75050,0.6666666666666666,57.0,2
CUST01592,142,7,528000,0.0,47.0,1
CUST01593,321,3,105000,1.0,34.0,2
CUST01594,151,3,375100,-0.3333333333333333,14.0,0
CUST01595,135,3,18100,0.6666666666666666,54.0,2
CUST01596,212,5,229100,0.6,46.0,0
CUST01597,137,6,458300,0.16666666666666666,15.0,0
CUST01598,229,12,890550,0.6666666666666666,30.0,1
CUST01599,342,6,354400,0.5,16.0,0
CUST01600,360,3,297000,1.0,42.0,0
CUST01601,338,4,41100,0.25,17.0,2
CUST01602,28,9,452400,0.2222222222222222,57.0,0
CUST01603,75,5,461000,0.8,39.0,1
CUST01604,202,8,747400,-0.125,48.0,1
CUST01605,89,3,130000,0.3333333333333333,28.0,2
CUST01606,119,3,124500,0.0,49.0,2
CUST01607,48,3,425000,0.6666666666666666,15.0,0
CUST01608,40,2,140000,-0.5,21.0,2
CUST01609,217,6,364000,-0.16666666666666666,49.0,0
CUST01610,313,6,161250,0.0,51.0,2
CUST01611,282,6,334750,0.6666666666666666,20.0,0
CUST01612,164,6,504200,0.3333333333333333,49.0,1
CUST01613,55,3,264000,0.6666666666666666,37.0,0
CUST01614,251,5,246000,0.0,24.0,0
CUST01615,362,3,79000,0.3333333333333333,7.0,2
CUST01616,321,7,294000,0.0,31.0,0
CUST01617,6,5,126950,0.8,37.0,2
CUST01618,43,3,24200,0.0,5.0,2
CUST01619,68,2,118000,0.0,50.0,2
CUST01620,359,4,224000,0.0,13.0,0
CUST01621,165,3,115100,0.6666666666666666,28.0,2
CUST01622,223,7,328000,0.2857142857142857,51.0,0
CUST01623,148,1,135000,0.0,19.0,2
CUST01624,143,4,166000,0.0,55.0,2
CUST01625,217,3,410000,1.0,55.0,0
CUST01626,313,2,410000,1.0,12.0,0
CUST01627,295,2,125000,0.0,47.0,2
CUST01628,114,6,699500,0.6666666666666666,7.0,1
CUST01629,239,5,94650,0.6,7.0,2
CUST01630,43,3,145300,0.3333333333333333,16.0,2
CUST01631,182,4,48700,0.5,23.0,2
CUST01632,318,6,138800,0.3333333333333333,53.0,2
CUST01633,76,5,288000,0.8,4.0,0
CUST01634,214,1,15000,1.0,51.0,2
CUST01635,54,7,98400,0.2857142857142857,22.0,2
CUST01636,344,5,189400,0.0,13.0,2
CUST01637,218,2,12400,1.0,41.0,2
CUST01638,307,1,32000,0.0,49.0,2
CUST01639,296,7,563050,-0.2857142857142857,23.0,1
CUST01640,272,2,90000,1.0,42.0,2
CUST01641,243,5,424000,1.0,55.0,0
CUST01642,208,7,428150,0.5714285714285714,1.0,0
CUST01643,8,4,162150,1.0,37.0,2
CUST01644,240,3,176000,0.6666666666666666,10.0,2
CUST01645,257,6,620100,-0.3333333333333333,43.0,1
CUST01646,267,3,90000,0.0,40.0,2
CUST01647,233,3,345300,0.6666666666666666,57.0,0
CUST01648,20,6,111800,0.5,25.0,2
CUST01649,180,6,394000,0.5,41.0,0
CUST01650,173,6,866500,0.8333333333333334,6.0,1
CUST01651,58,3,75400,0.0,46.0,2
CUST01652,148,4,58300,0.75,22.0,2
CUST01653,142,7,425700,0.14285714285714285,23.0,0
CUST01654,322,1,50000,-1.0,5.0,2
CUST01655,287,6,277000,0.3333333333333333,9.0,0
CUST01656,194,4,361200,0.5,44.0,0
CUST01657,304,5,605500,0.2,53.0,1
CUST01658,42,1,50,1.0,27.0,2
CUST01659,257,1,48000,1.0,44.0,2
CUST01660,52,4,359000,0.5,6.0,0
CUST01661,141,5,154150,0.0,22.0,2
CUST01662,229,7,552250,0.5714285714285714,33.0,1
CUST01663,99,4,224400,-0.25,40.0,0
CUST01664,277,3,76000,0.0,6.0,2
CUST01665,113,2,45500,-0.5,35.0,2
CUST01666,31,3,295000,0.6666666666666666,10.0,0
CUST01667,352,4,141000,0.5,55.0,2
CUST01668,269,2,8100,1.0,59.0,2
CUST01669,334,4,225250,-0.25,52.0,0
CUST01670,333,3,251000,0.3333333333333333,39.0,0
CUST01671,312,5,512100,-0.2,23.0,1
CUST01672,361,3,429000,0.3333333333333333,54.0,0
CUST01673,104,4,69100,0.75,34.0,2
CUST01674,225,4,434050,0.75,45.0,0
CUST01675,287,3,77000,0.3333333333333333,53.0,2
CUST01676,302,7,185350,0.2857142857142857,59.0,2
CUST01677,72,6,195200,0.8333333333333334,2.0,2
CUST01678,252,4,153000,0.25,39.0,2
CUST01679,293,2,188000,1.0,45.0,2
CUST01680,347,3,105000,0.6666666666666666,30.0,2
CUST01681,127,3,23100,0.0,53.0,2
CUST01682,244,4,539300,0.75,33.0,1
CUST01683,148,4,298000,0.0,19.0,0
CUST01684,314,4,66300,0.25,49.0,2
CUST01685,94,3,40400,0.6666666666666666,44.0,2
CUST01686,288,1,180000,1.0,17.0,2
CUST01688,214,3,310000,0.3333333333333333,43.0,0
CUST01689,187,5,327000,0.0,28.0,0
CUST01690,119,5,442300,0.6,51.0,0
CUST01691,178,8,230100,0.625,17.0,0
CUST01692,303,3,30500,1.0,40.0,2
CUST01693,342,1,16000,1.0,18.0,2
CUST01694,271,5,432100,0.4,19.0,0
CUST01695,252,5,115250,0.6,33.0,2
CUST01696,96,4,52450,0.25,49.0,2
CUST01697,64,3,155200,0.0,39.0,2
CUST01698,314,5,366000,0.2,56.0,0
CUST01699,38,5,162650,0.2,15.0,2
CUST01700,177,2,70300,0.5,12.0,2
CUST01701,345,3,216050,0.0,2.0,0
CUST01702,100,7,540300,0.2857142857142857,52.0,1
CUST01703,228,2,15100,0.0,37.0,2
CUST01704,0,5,312200,-0.2,27.0,0
CUST01705,299,6,625100,0.3333333333333333,50.0,1
CUST01706,330,4,54350,1.0,16.0,2
CUST01707,69,7,497050,0.42857142857142855,45.0,1
CUST01708,227,2,12200,0.0,56.0,2
CUST01709,237,4,95000,1.0,54.0,2
CUST01710,340,3,66000,1.0,59.0,2
CUST01711,293,2,38000,-0.5,38.0,2
CUST01712,192,7,235400,0.5714285714285714,57.0,0
CUST01713,328,4,97000,0.0,27.0,2
CUST01714,201,3,157100,0.3333333333333333,8.0,2
CUST01715,227,5,252000,0.6,35.0,0
CUST01716,35,3,81000,0.3333333333333333,36.0,2
CUST01717,262,7,340800,-0.14285714285714285,47.0,0
CUST01718,154,3,70000,0.0,57.0,2
CUST01719,324,7,198000,0.0,27.0,2
CUST01720,64,5,545050,0.8,30.0,1
CUST01721,287,6,295150,0.16666666666666666,23.0,0
CUST01722,57,5,94500,-0.2,57.0,2
CUST01723,231,4,220300,0.5,9.0,0
CUST01724,48,2,11000,0.0,59.0,2
CUST01725,77,3,173500,1.0,2.0,2
CUST01726,54,6,153250,0.5,9.0,2
CUST01727,213,1,16000,0.0,15.0,2
CUST01728,201,4,54100,0.0,25.0,2
CUST01729,269,6,61850,0.0,31.0,2
CUST01730,44,3,84150,-0.6666666666666666,4.0,2
CUST01731,283,3,136250,0.3333333333333333,14.0,2
CUST01732,339,3,60250,1.0,8.0,2
CUST01733,154,2,170000,1.0,52.0,2
CUST01734,174,3,179000,0.3333333333333333,27.0,2
CUST01735,13,2,100150,1.0,7.0,2
CUST01736,183,4,174150,0.25,28.0,2
CUST01737,23,4,73500,0.5,59.0,2
CUST01738,292,3,430000,0.6666666666666666,41.0,0
CUST01739,2,4,260200,0.25,17.0,0
CUST01740,219,5,653000,0.4,7.0,1
CUST01741,168,5,271500,0.0,32.0,0
CUST01742,123,6,179150,0.6666666666666666,35.0,2
CUST01743,275,7,203000,0.2857142857142857,52.0,0
CUST01744,45,1,100,1.0,32.0,2
CUST01745,227,3,450000,0.3333333333333333,10.0,0
CUST01746,260,5,231000,0.6,13.0,0
CUST01747,294,3,68000,0.6666666666666666,39.0,2
CUST01748,148,4,385000,0.25,50.0,0
CUST01749,91,7,498200,0.14285714285714285,55.0,1
CUST01750,177,3,140200,1.0,3.0,2
CUST01751,132,4,121050,0.75,10.0,2
CUST01752,115,5,132200,0.4,25.0,2
CUST01753,75,5,311150,0.8,41.0,0
CUST01755,341,3,36350,0.3333333333333333,37.0,2
CUST01757,181,6,381000,0.0,55.0,0
CUST01758,217,5,277100,0.2,25.0,0
CUST01759,335,4,200300,-0.25,11.0,2
CUST01760,337,4,240150,1.0,20.0,0
CUST01761,150,6,304300,0.3333333333333333,12.0,0
CUST01762,104,4,245000,0.5,41.0,0
CUST01763,335,5,48200,0.2,16.0,2
CUST01764,186,8,247800,0.5,58.0,0
CUST01765,188,4,219500,-0.5,54.0,0
CUST01766,104,3,138000,0.6666666666666666,8.0,2
CUST01767,296,5,660000,0.4,24.0,1
CUST01768,211,1,15000,-1.0,14.0,2
CUST01769,324,3,234100,0.3333333333333333,47.0,0
CUST01770,209,6,351000,0.16666666666666666,23.0,0
CUST01771,139,3,297000,-0.6666666666666666,42.0,0
CUST01772,301,2,86000,0.0,11.0,2
CUST01773,58,4,300400,-0.5,46.0,0
CUST01774,85,5,214000,-0.2,45.0,0
CUST01775,118,2,85000,0.0,4.0,2
CUST01776,168,5,100100,-0.2,34.0,2
CUST01777,170,4,126500,0.25,52.0,2
CUST01778,141,4,318500,0.25,7.0,0
CUST01779,165,6,659000,0.5,1.0,1
CUST01780,89,4,324200,0.25,54.0,0
CUST01781,61,6,173100,0.3333333333333333,3.0,2
CUST01782,158,6,348150,0.6666666666666666,45.0,0
CUST01783,316,2,225000,0.0,47.0,0
CUST01784,342,2,53000,1.0,56.0,2
CUST01785,269,5,335100,0.4,27.0,0
CUST01786,8,5,97100,0.0,28.0,2
CUST01787,207,7,339100,0.42857142857142855,32.0,0
CUST01788,122,3,1000,0.6666666666666666,41.0,2
CUST01789,92,8,498550,-0.125,29.0,1
CUST01790,190,5,393000,0.6,55.0,0
CUST01791,210,2,24250,0.5,23.0,2
CUST01792,46,3,90000,0.0,21.0,2
CUST01793,284,5,189000,0.2,15.0,2
CUST01794,14,2,180300,0.0,9.0,2
CUST01795,167,4,241400,0.5,45.0,0
CUST01796,232,4,210300,0.5,4.0,0
CUST01797,335,3,81400,0.6666666666666666,37.0,2
CUST01798,358,4,498000,0.0,14.0,1
CUST01799,221,3,87050,0.3333333333333333,44.0,2
CUST01800,54,3,12350,0.6666666666666666,24.0,2
CUST01801,44,7,816000,0.5714285714285714,21.0,1
CUST01802,41,4,432000,1.0,5.0,0
CUST01803,350,3,345000,0.3333333333333333,39.0,0
CUST01804,17,7,263450,0.0,38.0,0
CUST01805,364,10,514200,0.4,11.0,1
CUST01806,221,2,85000,0.0,4.0,2
CUST01807,161,2,150000,0.5,47.0,2
CUST01808,217,2,300000,1.0,17.0,0
CUST01809,308,4,393000,0.75,15.0,0
CUST01810,289,4,106500,0.25,31.0,2
CUST01811,221,4,300250,0.0,25.0,0
CUST01812,292,3,84500,0.0,53.0,2
CUST01813,72,4,424000,0.5,19.0,0
CUST01814,322,3,265000,-0.3333333333333333,3.0,0
CUST01815,158,6,125650,0.5,29.0,2
CUST01816,282,4,162500,0.25,24.0,2
CUST01817,181,3,56300,0.3333333333333333,49.0,2
CUST01818,108,3,75000,0.3333333333333333,20.0,2
CUST01819,278,4,84250,0.5,7.0,2
CUST01820,268,2,48000,0.0,59.0,2
CUST01821,61,4,662500,-0.25,34.0,1
CUST01822,219,7,494000,0.42857142857142855,57.0,1
CUST01823,20,2,70050,-0.5,52.0,2
CUST01824,163,6,515400,0.8333333333333334,26.0,1
CUST01825,132,1,40000,0.0,51.0,2
CUST01826,241,5,168500,0.6,19.0,2
CUST01827,358,5,410800,0.4,59.0,0
CUST01828,273,5,186150,0.2,15.0,2
CUST01829,41,2,69000,0.0,53.0,2
CUST01830,179,2,365000,0.0,22.0,0
CUST01831,274,1,125000,-1.0,57.0,2
CUST01832,95,5,207200,0.6,53.0,0
CUST01833,6,6,89850,0.5,33.0,2
CUST01834,347,5,246200,0.4,39.0,0
CUST01835,305,8,454250,0.375,16.0,0
CUST01836,137,3,505000,0.3333333333333333,10.0,1
CUST01837,355,6,766000,0.6666666666666666,22.0,1
CUST01838,155,3,140000,0.3333333333333333,59.0,2
CUST01839,23,4,695000,-0.75,8.0,1
CUST01840,207,3,148250,0.0,23.0,2
CUST01841,161,6,163100,-0.16666666666666666,48.0,2
CUST01842,263,8,710250,0.625,30.0,1
CUST01843,105,5,276200,0.4,37.0,0
CUST01844,142,2,40200,1.0,2.0,2
CUST01845,186,5,254100,0.4,8.0,0
CUST01846,263,4,95050,1.0,14.0,2
CUST01847,184,5,322250,0.6,34.0,0
CUST01848,309,3,323000,0.3333333333333333,9.0,0
CUST01849,100,4,237150,0.0,56.0,0
CUST01850,305,1,100,0.0,17.0,2
CUST01851,179,4,70300,0.25,11.0,2
CUST01852,199,2,395000,0.5,30.0,0
CUST01853,343,3,35000,0.3333333333333333,52.0,2
CUST01854,352,5,775000,0.4,15.0,1
CUST01855,268,4,188800,0.0,39.0,2
CUST01856,247,3,27200,1.0,19.0,2
CUST01857,240,5,156000,0.2,31.0,2
CUST01858,64,3,90200,-0.3333333333333333,9.0,2
CUST01859,221,2,24300,-0.5,11.0,2
CUST01860,233,5,230700,0.2,9.0,0
CUST01861,235,3,48400,1.0,25.0,2
CUST01862,154,3,304000,-0.3333333333333333,52.0,0
CUST01863,98,8,256050,0.25,59.0,0
CUST01864,238,2,72000,-0.5,9.0,2
CUST01865,96,6,243700,0.3333333333333333,35.0,0
CUST01866,75,6,484000,0.16666666666666666,27.0,1
CUST01867,314,9,872000,0.1111111111111111,32.0,1
CUST01868,186,4,311000,0.5,58.0,0
CUST01869,217,1,48000,1.0,29.0,2
CUST01870,240,4,73500,0.25,59.0,2
CUST01871,161,5,433000,0.4,48.0,0
CUST01872,179,5,174050,0.4,30.0,2
CUST01873,335,7,425300,0.14285714285714285,52.0,0
CUST01874,221,3,56000,0.6666666666666666,20.0,2
CUST01875,323,3,125000,1.0,50.0,2
CUST01876,23,2,146000,1.0,5.0,2
CUST01877,283,4,123000,0.75,31.0,2
CUST01878,230,1,50000,1.0,3.0,2
CUST01879,261,4,20250,0.5,59.0,2
CUST01881,41,7,320500,0.42857142857142855,20.0,0
CUST01882,31,2,9150,1.0,4.0,2
CUST01883,162,2,125300,0.5,47.0,2
CUST01884,148,9,878200,0.1111111111111111,59.0,1
CUST01885,8,5,321000,0.6,36.0,0
CUST01886,306,7,179000,0.5714285714285714,56.0,2
CUST01887,271,5,159650,0.0,10.0,2
CUST01888,282,2,398000,-0.5,43.0,0
CUST01889,111,5,138200,0.4,27.0,2
CUST01890,197,5,216000,0.2,40.0,0
CUST01891,119,2,150,0.0,3.0,2
CUST01893,168,5,335300,0.0,50.0,0
CUST01894,13,3,220000,-0.3333333333333333,26.0,0
CUST01895,247,9,679800,0.6666666666666666,31.0,1
CUST01896,54,2,63000,0.0,55.0,2
CUST01897,134,4,176500,0.0,47.0,2
CUST01898,139,4,463000,0.75,11.0,1
CUST01899,230,5,189050,-0.4,24.0,2
CUST01900,68,5,126400,0.6,57.0,2
CUST01901,64,7,603200,-0.14285714285714285,56.0,1
CUST01902,74,8,461200,0.25,17.0,1
CUST01903,231,5,166000,1.0,17.0,2
CUST01904,222,3,267000,0.3333333333333333,5.0,0
CUST01905,65,3,80000,0.3333333333333333,24.0,2
CUST01906,15,3,45150,0.6666666666666666,14.0,2
CUST01907,327,1,140000,-1.0,53.0,2
CUST01908,323,6,235000,0.5,10.0,0
CUST01909,213,2,3300,0.0,18.0,2
CUST01910,213,3,325400,0.0,29.0,0
CUST01911,57,7,303100,0.42857142857142855,46.0,0
CUST01912,348,1,3000,1.0,9.0,2
CUST01913,275,2,25200,0.0,16.0,2
CUST01914,91,6,570000,-0.16666666666666666,27.0,1
CUST01915,54,6,280350,0.6666666666666666,9.0,0
CUST01916,182,5,231400,0.2,10.0,0
CUST01917,259,4,84500,0.0,44.0,2
CUST01918,134,2,115000,0.5,9.0,2
CUST01919,180,2,358000,0.0,12.0,0
CUST01920,115,2,32400,-1.0,15.0,2
CUST01921,127,2,233000,0.0,18.0,0
CUST01922,69,6,376000,0.8333333333333334,49.0,0
CUST01923,160,4,426000,0.75,4.0,0
CUST01924,125,2,36000,0.5,24.0,2
CUST01925,239,2,133000,0.5,43.0,2
CUST01926,208,1,50000,1.0,18.0,2
CUST01927,332,2,40400,0.5,32.0,2
CUST01928,123,2,165000,0.0,26.0,2
CUST01929,44,6,301000,0.6666666666666666,50.0,0
CUST01930,285,5,371150,0.0,4.0,0
CUST01931,7,4,119150,0.75,40.0,2
CUST01932,287,1,36000,0.0,57.0,2
CUST01933,330,4,143000,0.5,26.0,2
CUST01934,131,3,87000,-0.3333333333333333,5.0,2
CUST01935,113,6,433150,0.3333333333333333,45.0,0
CUST01936,305,7,533250,-0.42857142857142855,56.0,1
CUST01937,80,6,395200,0.0,6.0,0
CUST01938,11,4,350850,-0.25,36.0,0
CUST01939,113,1,6000,0.0,24.0,2
CUST01940,239,4,92200,0.0,6.0,2
CUST01941,11,2,25100,1.0,59.0,2
CUST01942,243,3,267000,-0.3333333333333333,18.0,0
CUST01943,192,7,531450,0.14285714285714285,25.0,1
CUST01944,344,4,81500,0.5,6.0,2
CUST01945,46,2,205000,-0.5,48.0,0
CUST01946,300,1,36000,1.0,43.0,2
CUST01947,259,2,225500,0.5,39.0,0
CUST01948,285,5,509000,0.6,31.0,1
CUST01949,355,3,48350,0.0,39.0,2
CUST01950,117,2,24000,-0.5,15.0,2
CUST01951,27,1,210000,1.0,19.0,0
CUST01952,86,3,124000,0.0,35.0,2
CUST01953,39,5,453600,0.4,46.0,0
CUST01954,26,3,158000,-0.6666666666666666,6.0,2
CUST01955,292,6,405000,0.8333333333333334,53.0,0
CUST01956,37,6,879000,0.0,14.0,1
CUST01957,323,6,291650,0.3333333333333333,3.0,0
CUST01958,180,7,102550,0.0,5.0,2
CUST01959,279,2,130000,0.5,57.0,2
CUST01960,20,3,60200,0.6666666666666666,15.0,2
CUST01961,20,5,294400,0.6,41.0,0
CUST01962,109,4,87600,0.75,2.0,2
CUST01963,62,3,105150,0.3333333333333333,8.0,2
CUST01964,141,4,153150,0.25,2.0,2
CUST01965,107,7,353100,0.7142857142857143,23.0,0
CUST01966,79,10,719400,0.3,46.0,1
CUST01967,137,7,224150,0.0,53.0,0
CUST01968,243,3,111200,0.3333333333333333,25.0,2
CUST01969,355,3,379000,0.6666666666666666,36.0,0
CUST01970,259,2,15000,0.5,41.0,2
CUST01971,246,7,561000,0.0,25.0,1
CUST01972,67,4,438000,0.5,50.0,0
CUST01973,87,3,155100,0.3333333333333333,25.0,2
CUST01974,78,9,330000,0.1111111111111111,11.0,0
CUST01975,64,5,191100,0.4,52.0,2
CUST01976,200,6,263200,0.5,22.0,0
CUST01977,94,7,130500,0.14285714285714285,19.0,2
CUST01978,96,7,505200,0.14285714285714285,35.0,1
CUST01979,83,2,17000,0.0,53.0,2
CUST01981,155,3,147000,0.0,43.0,2
CUST01982,155,5,271100,0.2,12.0,0
CUST01983,284,7,164750,-0.2857142857142857,21.0,2
CUST01984,215,1,225000,1.0,15.0,0
CUST01985,113,3,14150,0.0,57.0,2
CUST01986,276,2,225200,1.0,3.0,0
CUST01987,316,3,36000,0.0,21.0,2
CUST01988,249,4,170050,0.0,43.0,2
CUST01989,268,5,106000,0.4,39.0,2
CUST01990,255,4,641000,0.5,38.0,1
CUST01991,321,1,210000,1.0,34.0,0
CUST01992,150,2,420000,0.5,44.0,0
CUST01993,68,6,211400,0.5,34.0,0
CUST01994,213,5,252050,-0.2,7.0,0
CUST01995,87,1,300,1.0,31.0,2
CUST01997,0,5,120500,0.6,19.0,2
CUST01998,174,1,3000,1.0,54.0,2
CUST01999,271,3,45300,0.6666666666666666,31.0,2
CUST02000,334,7,629000,0.2857142857142857,4.0,1
